method,split,metric,old,spec_faithful,delta
virtual_ensembles,val,macro_f1,0.7192187922865845,0.7403109734486,0.0210921811620155
virtual_ensembles,val,f1_neg,0.5201793721973094,0.5463917525773195,0.02621238038001017
virtual_ensembles,val,roc_auc,0.8152402402402402,0.5636336336336336,-0.2516066066066066
virtual_ensembles,test,macro_f1,0.7207975986277873,0.641345525041888,-0.07945207358589923
virtual_ensembles,test,f1_neg,0.5188679245283019,0.37305699481865284,-0.14581092970964904
virtual_ensembles,test,roc_auc,0.8053561253561253,0.6757671957671957,-0.12958892958892965
role_nsga2,val,macro_f1,0.7402679792179382,0.6810424858016602,-0.05922549341627803
role_nsga2,val,f1_neg,0.5507246376811594,0.45535714285714285,-0.09536749482401657
role_nsga2,val,roc_auc,0.574054054054054,0.5003303303303304,-0.0737237237237236
role_nsga2,test,macro_f1,0.6560744306624344,0.5915099503805337,-0.06456448028190076
role_nsga2,test,f1_neg,0.39790575916230364,0.29767441860465116,-0.10023134055765248
role_nsga2,test,roc_auc,0.6385510785510786,0.48509564509564507,-0.15345543345543355
