split,method,n_items,n_test_items,score_coverage,n_fallback_items,auc_population,macro_f1,f1_pos,f1_neg,roc_auc
full,Net,11082.0,11082,1.0,0,all_test_items,0.5831893542886204,0.7832449240899945,0.3831337844872462,0.6114512153989197
full,WNet,11082.0,11082,1.0,0,all_test_items,0.5814990727938025,0.7803266654432006,0.38267148014440433,0.6082331208474687
full,SubAdj,11082.0,11082,1.0,0,all_test_items,0.6407517521277868,0.7950255665677672,0.4864779376878064,0.6082331208474687
full,RedditScore,11082.0,11082,0.9997292907417433,3,items_with_observed_external_score,0.6207045071369928,0.8219549581417286,0.41945405613225684,0.6369069716604271
full,RedditScore+Sub,11082.0,11082,0.9997292907417433,3,items_with_observed_external_score,0.7301792391419532,0.8582966226138032,0.6020618556701031,0.6369069716604271
full,CN,11082.0,11082,1.0,0,all_scored_test_items,0.5835183514882398,0.8078817733990148,0.3591549295774648,0.5745967929030197
full,CN inductive,11082.0,11082,1.0,0,all_scored_test_items,0.5850671812082032,0.8117413632119514,0.35839299920445505,0.5577822650445882
full,QSMF,11082.0,11082,1.0,0,all_scored_test_items,0.583996875921587,0.8026969481902059,0.365296803652968,0.562197354872214
full,MA-MF,11082.0,11082,1.0,0,all_scored_test_items,0.6384956547355578,0.8139958692746933,0.4629954401964223,0.6945906449707415
full,MA-QSMF,11082.0,11082,1.0,0,all_scored_test_items,0.6410323551404462,0.8227188305074591,0.4593458797734332,0.6944545472391412
full,NVSE,11082.0,11082,1.0,705,all_scored_test_items,0.6210373571644447,0.7943780570862485,0.44769665724264096,0.6342454104659401
full,VAR,,11082,1.0,8347,all_scored_test_items,0.5784723606917637,0.7747059910104057,0.3822387303731217,0.5863687670763503
full,Bandit,10945.0,11082,0.9876376105396137,0,prefix_eligible_test_items,0.6393290619509042,0.8290726216847273,0.44958550221708116,0.7107998350148036
full,GraphPropagation,10945.0,11082,0.9876376105396137,0,prefix_eligible_test_items,0.6305021254989656,0.8226950354609929,0.4383092155369383,0.7143176272718236
full,RoleNSGA2,10945.0,11082,0.9876376105396137,0,prefix_eligible_test_items,0.6038668745549627,0.8053536821705426,0.40238006693938266,0.614256686342787
full,VirtualEnsembles,10945.0,11082,0.9876376105396137,0,prefix_eligible_test_items,0.6453095262342012,0.8269486404833837,0.46367041198501874,0.7399348015352981
full,BoC,10945.0,11082,0.9876376105396137,0,prefix_eligible_test_items,0.6705088073155409,0.8372262330886368,0.503791381542445,0.7846250892562266
full,SEF,11082.0,11082,1.0,525,hybrid_meta_plus_net_vote_all_test_items,0.7230221270988777,0.865435041716329,0.5806092124814265,0.8144519461908696
intersection,Net,767.0,767,1.0,0,all_test_items,0.5364548286604361,0.8489096573208723,0.224,0.5537856071964018
intersection,WNet,767.0,767,1.0,0,all_test_items,0.5347979705596364,0.8538283062645011,0.2157676348547718,0.5872788605697151
intersection,SubAdj,767.0,767,1.0,0,all_test_items,0.6498259153833633,0.9146250927988122,0.3850267379679144,0.5872788605697151
intersection,RedditScore,767.0,767,1.0,0,items_with_observed_external_score,0.4950564971751413,0.922316384180791,0.06779661016949153,0.3652698650674663
intersection,RedditScore+Sub,767.0,767,1.0,0,items_with_observed_external_score,0.7029575416521767,0.9271916790490342,0.4787234042553192,0.3652698650674663
intersection,CN,767.0,767,1.0,0,all_scored_test_items,0.5423310159166285,0.906318082788671,0.17834394904458598,0.500839580209895
intersection,CN inductive,767.0,767,1.0,0,all_scored_test_items,0.5303001552527169,0.8958944281524927,0.16470588235294117,0.517136431784108
intersection,QSMF,767.0,767,1.0,0,all_scored_test_items,0.5363480363480364,0.9105339105339105,0.16216216216216217,0.525352323838081
intersection,MA-MF,767.0,767,1.0,0,all_scored_test_items,0.6923931623931624,0.9061538461538462,0.47863247863247865,0.7777061469265367
intersection,MA-QSMF,767.0,767,1.0,0,all_scored_test_items,0.6702936514333306,0.9019908116385911,0.43859649122807015,0.7518890554722638
intersection,NVSE,767.0,767,1.0,0,all_scored_test_items,0.6418455594504004,0.8869969040247678,0.39669421487603307,0.7455172413793102
intersection,VAR,,767,1.0,515,all_scored_test_items,0.5713865047097995,0.8720306513409962,0.27074235807860264,0.6241829085457271
intersection,Bandit,765.0,767,0.9973924380704041,0,prefix_eligible_test_items,0.6118007662835249,0.885823754789272,0.3377777777777778,0.7316240601503758
intersection,GraphPropagation,765.0,767,0.9973924380704041,0,prefix_eligible_test_items,0.6041480196912061,0.8871951219512195,0.3211009174311927,0.739390977443609
intersection,RoleNSGA2,765.0,767,0.9973924380704041,0,prefix_eligible_test_items,0.6347785945101381,0.9097688292319165,0.35978835978835977,0.5699398496240602
intersection,VirtualEnsembles,765.0,767,0.9973924380704041,0,prefix_eligible_test_items,0.6146316690488964,0.9088213491475167,0.32044198895027626,0.6750676691729324
intersection,BoC,765.0,767,0.9973924380704041,0,prefix_eligible_test_items,0.6677382591942268,0.9118311981914092,0.4236453201970443,0.8051278195488721
intersection,SEF,767.0,767,1.0,0,meta_model_all_test_items,0.7435337621211227,0.9368029739776952,0.5502645502645502,0.8480209895052474
intersection_chronological,Net,766.0,766,1.0,0,all_test_items,0.4715588444849906,0.8627156789197299,0.08040201005025126,0.4424420024420025
intersection_chronological,WNet,766.0,766,1.0,0,all_test_items,0.4649079552925707,0.8742603550295858,0.05555555555555555,0.42144078144078145
intersection_chronological,SubAdj,766.0,766,1.0,0,all_test_items,0.6739737320995888,0.9025326170376056,0.44541484716157204,0.42144078144078145
intersection_chronological,RedditScore,766.0,766,1.0,0,items_with_observed_external_score,0.46842470506592643,0.9368494101318529,0.0,0.280960520960521
intersection_chronological,RedditScore+Sub,766.0,766,1.0,0,items_with_observed_external_score,0.6381672177609825,0.9315068493150684,0.3448275862068966,0.280960520960521
intersection_chronological,CN,766.0,766,1.0,0,all_scored_test_items,0.4652517159791037,0.8917937545388526,0.03870967741935484,0.3219047619047619
intersection_chronological,CN inductive,766.0,766,1.0,0,all_scored_test_items,0.4872599583013278,0.912981455064194,0.06153846153846154,0.3734310134310134
intersection_chronological,QSMF,766.0,766,1.0,0,all_scored_test_items,0.4668382913806255,0.8942028985507247,0.039473684210526314,0.3792266992266992
intersection_chronological,MA-MF,766.0,766,1.0,0,all_scored_test_items,0.5331338652482269,0.8854166666666666,0.18085106382978725,0.5756613756613757
intersection_chronological,MA-QSMF,766.0,766,1.0,0,all_scored_test_items,0.5380476764829446,0.8637059724349158,0.21238938053097345,0.5785592185592185
intersection_chronological,NVSE,765.0,766,0.9986945169712794,0,prefix_eligible_test_items,0.6716931216931217,0.8841269841269841,0.45925925925925926,0.8025075814393321
intersection_chronological,VAR,,766,1.0,512,all_scored_test_items,0.5295864427860696,0.8820895522388059,0.17708333333333334,0.4828083028083029
intersection_chronological,Bandit,766.0,766,1.0,0,all_scored_test_items,0.6995991168951894,0.918429003021148,0.4807692307692308,0.5398941798941799
intersection_chronological,GraphPropagation,766.0,766,1.0,0,all_scored_test_items,0.5937600064040987,0.9236311239193083,0.2638888888888889,0.7183638583638584
intersection_chronological,RoleNSGA2,766.0,766,1.0,0,all_scored_test_items,0.6209642131263521,0.9104367135455218,0.3314917127071823,0.4950752950752951
intersection_chronological,VirtualEnsembles,766.0,766,1.0,0,all_scored_test_items,0.641345525041888,0.9096340552651232,0.37305699481865284,0.6757671957671957
intersection_chronological,BoC,766.0,766,1.0,0,all_scored_test_items,0.6742141278029267,0.9255711127487104,0.4228571428571429,0.8311599511599512
intersection_chronological,SEF,766.0,766,1.0,0,meta_model_all_test_items,0.6372662837590126,0.907185628742515,0.3673469387755102,0.8151729751729753
windows/full/w020,Net,1035.0,1035,1.0,0,all_test_items,0.5366219296024309,0.8768802228412256,0.19636363636363635,0.5461557806375525
windows/full/w020,WNet,1035.0,1035,1.0,0,all_test_items,0.5367675802458411,0.8661773009599096,0.20735785953177258,0.5544590516493808
windows/full/w020,SubAdj,1035.0,1035,1.0,0,all_test_items,0.6740864031930904,0.914349276974416,0.4338235294117647,0.5544590516493808
windows/full/w020,RedditScore,1035.0,1035,1.0,0,items_with_observed_external_score,0.46649484536082475,0.9329896907216495,0.0,0.3235890943147525
windows/full/w020,RedditScore+Sub,1035.0,1035,1.0,0,items_with_observed_external_score,0.7061073347125397,0.9173693086003373,0.4948453608247423,0.3235890943147525
windows/full/w020,CN,1035.0,1035,1.0,0,all_scored_test_items,0.5147301895964997,0.8804407713498622,0.14901960784313725,0.4917964549585487
windows/full/w020,CN inductive,1035.0,1035,1.0,0,all_scored_test_items,0.5139511194698597,0.8868234007654456,0.14107883817427386,0.5156526414374415
windows/full/w020,QSMF,1035.0,1035,1.0,0,all_scored_test_items,0.5137638493078317,0.8538942581011939,0.17363344051446947,0.5208644073675812
windows/full/w020,MA-MF,1035.0,1035,1.0,0,all_scored_test_items,0.6175009239108118,0.8688046647230321,0.36619718309859156,0.7352058690901523
windows/full/w020,MA-QSMF,1035.0,1035,1.0,0,all_scored_test_items,0.5838718014990953,0.8721461187214612,0.29559748427672955,0.6862794408408199
windows/full/w020,NVSE,1028.0,1035,0.9932367149758454,0,prefix_eligible_test_items,0.5386437465064848,0.8361916026020106,0.2410958904109589,0.6530844992877556
windows/full/w020,VAR,,1035,1.0,532,all_scored_test_items,0.5483597720622209,0.8874172185430463,0.20930232558139536,0.5360314266884041
windows/full/w020,Bandit,1023.0,1035,0.9884057971014493,0,prefix_eligible_test_items,0.6517934670609185,0.9186496956281129,0.38493723849372385,0.6995614805961754
windows/full/w020,GraphPropagation,1023.0,1035,0.9884057971014493,0,prefix_eligible_test_items,0.6466920216541481,0.9084783829309376,0.3849056603773585,0.6852414932508436
windows/full/w020,RoleNSGA2,1023.0,1035,0.9884057971014493,0,prefix_eligible_test_items,0.6372721276144784,0.8982376350198976,0.37630662020905925,0.5995061164229472
windows/full/w020,VirtualEnsembles,1023.0,1035,0.9884057971014493,0,prefix_eligible_test_items,0.6166733715704418,0.9096952908587258,0.3236514522821577,0.7194662190663668
windows/full/w020,BoC,1023.0,1035,0.9884057971014493,0,prefix_eligible_test_items,0.6148466020945056,0.8844163312248419,0.34527687296416937,0.7820980385264342
windows/full/w020,SEF,1035.0,1035,1.0,0,meta_model_all_test_items,0.6507407407407407,0.9088888888888889,0.3925925925925926,0.8393544694578376
windows/full/w040,Net,1035.0,1035,1.0,0,all_test_items,0.5366219296024309,0.8768802228412256,0.19636363636363635,0.5461557806375525
windows/full/w040,WNet,1035.0,1035,1.0,0,all_test_items,0.5367675802458411,0.8661773009599096,0.20735785953177258,0.5544590516493808
windows/full/w040,SubAdj,1035.0,1035,1.0,0,all_test_items,0.6740864031930904,0.914349276974416,0.4338235294117647,0.5544590516493808
windows/full/w040,RedditScore,1035.0,1035,1.0,0,items_with_observed_external_score,0.46649484536082475,0.9329896907216495,0.0,0.3235890943147525
windows/full/w040,RedditScore+Sub,1035.0,1035,1.0,0,items_with_observed_external_score,0.7061073347125397,0.9173693086003373,0.4948453608247423,0.3235890943147525
windows/full/w040,CN,1035.0,1035,1.0,0,all_scored_test_items,0.5045588705707266,0.8846364133406233,0.12448132780082988,0.4557910437406778
windows/full/w040,CN inductive,1035.0,1035,1.0,0,all_scored_test_items,0.5175624451053207,0.8638920134983127,0.17123287671232876,0.49844774359152244
windows/full/w040,QSMF,1035.0,1035,1.0,0,all_scored_test_items,0.5015091189314154,0.8853711790393013,0.11764705882352941,0.5016476464670991
windows/full/w040,MA-MF,1035.0,1035,1.0,0,all_scored_test_items,0.6525074373140671,0.912707182320442,0.3923076923076923,0.7678032536681814
windows/full/w040,MA-QSMF,1035.0,1035,1.0,0,all_scored_test_items,0.6538540634522986,0.9107043815862451,0.3970037453183521,0.7401921676090049
windows/full/w040,NVSE,1029.0,1035,0.9942028985507246,0,prefix_eligible_test_items,0.5601342253189988,0.798234552332913,0.3220338983050847,0.7062782617804704
windows/full/w040,VAR,,1035,1.0,516,all_scored_test_items,0.5280517462676485,0.8805309734513275,0.17557251908396945,0.5306809115820874
windows/full/w040,Bandit,1029.0,1035,0.9942028985507246,0,prefix_eligible_test_items,0.5915996351100592,0.8932364449413079,0.2899628252788104,0.7253216823506818
windows/full/w040,GraphPropagation,1029.0,1035,0.9942028985507246,0,prefix_eligible_test_items,0.6585176991150443,0.9170353982300885,0.4,0.7370192223754735
windows/full/w040,RoleNSGA2,1029.0,1035,0.9942028985507246,0,prefix_eligible_test_items,0.6016130961188803,0.892756878158338,0.3104693140794224,0.5128585645197897
windows/full/w040,VirtualEnsembles,1029.0,1035,0.9942028985507246,0,prefix_eligible_test_items,0.551366827013908,0.8622273249138921,0.24050632911392406,0.8061220035965571
windows/full/w040,BoC,1029.0,1035,0.9942028985507246,0,prefix_eligible_test_items,0.5757468190326684,0.896513558384062,0.2549800796812749,0.7830499153237773
windows/full/w040,SEF,1035.0,1035,1.0,0,meta_model_all_test_items,0.6923407206790633,0.914093206064009,0.47058823529411764,0.8408633667487597
windows/full/w060,Net,1035.0,1035,1.0,0,all_test_items,0.5366219296024309,0.8768802228412256,0.19636363636363635,0.5461557806375525
windows/full/w060,WNet,1035.0,1035,1.0,0,all_test_items,0.5303265886193504,0.8520642201834863,0.2085889570552147,0.5718200423184987
windows/full/w060,SubAdj,1035.0,1035,1.0,0,all_test_items,0.7004303835699185,0.9235880398671097,0.4772727272727273,0.5718200423184987
windows/full/w060,RedditScore,1035.0,1035,1.0,0,items_with_observed_external_score,0.46649484536082475,0.9329896907216495,0.0,0.3235890943147525
windows/full/w060,RedditScore+Sub,1035.0,1035,1.0,0,items_with_observed_external_score,0.7061073347125397,0.9173693086003373,0.4948453608247423,0.3235890943147525
windows/full/w060,CN,1035.0,1035,1.0,0,all_scored_test_items,0.5110041833327218,0.8875545851528385,0.13445378151260504,0.45564362274098996
windows/full/w060,CN inductive,1035.0,1035,1.0,0,all_scored_test_items,0.5131448283071134,0.8753462603878116,0.1509433962264151,0.5115248534461827
windows/full/w060,QSMF,1035.0,1035,1.0,0,all_scored_test_items,0.5023922532929224,0.8745163073521283,0.13026819923371646,0.5128169551493288
windows/full/w060,MA-MF,1035.0,1035,1.0,0,all_scored_test_items,0.6643078283945156,0.907563025210084,0.42105263157894735,0.7874275902736827
windows/full/w060,MA-QSMF,1035.0,1035,1.0,0,all_scored_test_items,0.6175984443364122,0.9057851239669421,0.32941176470588235,0.7249124145825384
windows/full/w060,NVSE,1029.0,1035,0.9942028985507246,0,prefix_eligible_test_items,0.6097597388891463,0.8714368819080861,0.3480825958702065,0.7469097543516594
windows/full/w060,VAR,,1035,1.0,654,all_scored_test_items,0.5295237067969243,0.8672665916760405,0.1917808219178082,0.5461991397551077
windows/full/w060,Bandit,1029.0,1035,0.9942028985507246,0,prefix_eligible_test_items,0.5986016923723219,0.8814139110604333,0.3157894736842105,0.7188356582921591
windows/full/w060,GraphPropagation,1029.0,1035,0.9942028985507246,0,prefix_eligible_test_items,0.5993538814467163,0.8968209704406024,0.3018867924528302,0.7888288492763238
windows/full/w060,RoleNSGA2,1029.0,1035,0.9942028985507246,0,prefix_eligible_test_items,0.6028318765793121,0.8845935190449119,0.3210702341137124,0.5895036402046196
windows/full/w060,VirtualEnsembles,1029.0,1035,0.9942028985507246,0,prefix_eligible_test_items,0.6057678282837122,0.8885116015846066,0.3230240549828179,0.737089058435323
windows/full/w060,BoC,1029.0,1035,0.9942028985507246,0,prefix_eligible_test_items,0.6431372549019607,0.9053221288515406,0.38095238095238093,0.7918492588648147
windows/full/w060,SEF,1035.0,1035,1.0,0,meta_model_all_test_items,0.7252518500835521,0.9216901408450704,0.5288135593220339,0.8633494051129071
windows/full/w080,Net,1035.0,1035,1.0,0,all_test_items,0.5366219296024309,0.8768802228412256,0.19636363636363635,0.5461557806375525
windows/full/w080,WNet,1035.0,1035,1.0,0,all_test_items,0.5303265886193504,0.8520642201834863,0.2085889570552147,0.5718200423184987
windows/full/w080,SubAdj,1035.0,1035,1.0,0,all_test_items,0.7004303835699185,0.9235880398671097,0.4772727272727273,0.5718200423184987
windows/full/w080,RedditScore,1035.0,1035,1.0,0,items_with_observed_external_score,0.46649484536082475,0.9329896907216495,0.0,0.3235890943147525
windows/full/w080,RedditScore+Sub,1035.0,1035,1.0,0,items_with_observed_external_score,0.7061073347125397,0.9173693086003373,0.4948453608247423,0.3235890943147525
windows/full/w080,CN,1035.0,1035,1.0,0,all_scored_test_items,0.5086593406593407,0.8813186813186813,0.136,0.4676020673627251
windows/full/w080,CN inductive,1035.0,1035,1.0,0,all_scored_test_items,0.5157316782048221,0.8619718309859155,0.1694915254237288,0.5169013840230324
windows/full/w080,QSMF,1035.0,1035,1.0,0,all_scored_test_items,0.5107710189848896,0.8629213483146068,0.15862068965517243,0.5242550903604011
windows/full/w080,MA-MF,1035.0,1035,1.0,0,all_scored_test_items,0.6730588470961678,0.9077615298087739,0.4383561643835616,0.7957265253737555
windows/full/w080,MA-QSMF,1035.0,1035,1.0,0,all_scored_test_items,0.6414585971131932,0.9047353760445682,0.3781818181818182,0.7659648270838393
windows/full/w080,NVSE,1029.0,1035,0.9942028985507246,0,prefix_eligible_test_items,0.6318699613199394,0.8833718244803695,0.3803680981595092,0.7640414127834907
windows/full/w080,VAR,,1035,1.0,661,all_scored_test_items,0.5381686688339911,0.8701517706576728,0.20618556701030927,0.5511984460092269
windows/full/w080,Bandit,1029.0,1035,0.9942028985507246,0,prefix_eligible_test_items,0.6282066722871251,0.9085872576177285,0.34782608695652173,0.6605661958552299
windows/full/w080,GraphPropagation,1029.0,1035,0.9942028985507246,0,prefix_eligible_test_items,0.5800627084059126,0.8845070422535212,0.2756183745583039,0.7641287078583028
windows/full/w080,RoleNSGA2,1029.0,1035,0.9942028985507246,0,prefix_eligible_test_items,0.6411380207005557,0.9040942232192933,0.3781818181818182,0.5933664472650453
windows/full/w080,VirtualEnsembles,1029.0,1035,0.9942028985507246,0,prefix_eligible_test_items,0.5646103071845646,0.8717948717948718,0.25742574257425743,0.6223658711175515
windows/full/w080,BoC,1029.0,1035,0.9942028985507246,0,prefix_eligible_test_items,0.6044289659442982,0.8965902738960313,0.31226765799256506,0.8187186828919112
windows/full/w080,SEF,1035.0,1035,1.0,0,meta_model_all_test_items,0.6969543903387037,0.9013271783035199,0.49258160237388726,0.8510614311977521
windows/full/w100,Net,1035.0,1035,1.0,0,all_test_items,0.5366219296024309,0.8768802228412256,0.19636363636363635,0.5461557806375525
windows/full/w100,WNet,1035.0,1035,1.0,0,all_test_items,0.5303265886193504,0.8520642201834863,0.2085889570552147,0.5718200423184987
windows/full/w100,SubAdj,1035.0,1035,1.0,0,all_test_items,0.7004303835699185,0.9235880398671097,0.4772727272727273,0.5718200423184987
windows/full/w100,RedditScore,1035.0,1035,1.0,0,items_with_observed_external_score,0.46649484536082475,0.9329896907216495,0.0,0.3235890943147525
windows/full/w100,RedditScore+Sub,1035.0,1035,1.0,0,items_with_observed_external_score,0.7061073347125397,0.9173693086003373,0.4948453608247423,0.3235890943147525
windows/full/w100,CN,1035.0,1035,1.0,0,all_scored_test_items,0.5104057244254143,0.8831596269884805,0.13765182186234817,0.4712962641784314
windows/full/w100,CN inductive,1035.0,1035,1.0,0,all_scored_test_items,0.5162556787376844,0.8752079866888519,0.15730337078651685,0.5035901349335739
windows/full/w100,QSMF,1035.0,1035,1.0,0,all_scored_test_items,0.5044896252547953,0.8731301939058171,0.13584905660377358,0.5058187935759132
windows/full/w100,MA-MF,1035.0,1035,1.0,0,all_scored_test_items,0.6578359024357444,0.8998302207130731,0.4158415841584158,0.7697544139581672
windows/full/w100,MA-QSMF,1035.0,1035,1.0,0,all_scored_test_items,0.6192148698952719,0.9120699071545604,0.3263598326359833,0.7345207950327796
windows/full/w100,NVSE,1031.0,1035,0.996135265700483,0,prefix_eligible_test_items,0.6489919893190921,0.8808411214953271,0.41714285714285715,0.7772977492857641
windows/full/w100,VAR,,1035,1.0,674,all_scored_test_items,0.544585848933675,0.8684359119141728,0.22073578595317725,0.5874293246383849
windows/full/w100,Bandit,1029.0,1035,0.9942028985507246,0,prefix_eligible_test_items,0.6045783926218709,0.8985507246376812,0.3106060606060606,0.6361497634303472
windows/full/w100,GraphPropagation,1029.0,1035,0.9942028985507246,0,prefix_eligible_test_items,0.554995554118503,0.8797752808988764,0.2302158273381295,0.724470555371266
windows/full/w100,RoleNSGA2,1029.0,1035,0.9942028985507246,0,prefix_eligible_test_items,0.5865696676548604,0.8834841628959276,0.2896551724137931,0.5667108961712379
windows/full/w100,VirtualEnsembles,1029.0,1035,0.9942028985507246,0,prefix_eligible_test_items,0.6001319428127316,0.9051819184123484,0.29508196721311475,0.6375857674110026
windows/full/w100,BoC,1029.0,1035,0.9942028985507246,0,prefix_eligible_test_items,0.6342845505079547,0.8997747747747747,0.36879432624113473,0.8158728634530439
windows/full/w100,SEF,1035.0,1035,1.0,0,meta_model_all_test_items,0.759731874700753,0.9271070615034168,0.5923566878980892,0.8770769017308959
windows/intersection/w020,Net,1020.0,1020,1.0,0,all_test_items,0.5578623606305267,0.8673587081891581,0.24836601307189543,0.5758156913640459
windows/intersection/w020,WNet,1020.0,1020,1.0,0,all_test_items,0.5538128078817733,0.8731428571428571,0.23448275862068965,0.5744475948781113
windows/intersection/w020,SubAdj,1020.0,1020,1.0,0,all_test_items,0.6773801124060241,0.9199776161163962,0.43478260869565216,0.5744475948781113
windows/intersection/w020,RedditScore,1020.0,1020,1.0,0,items_with_observed_external_score,0.4962962962962963,0.9259259259259259,0.06666666666666667,0.36344661117127247
windows/intersection/w020,RedditScore+Sub,1020.0,1020,1.0,0,items_with_observed_external_score,0.7306666159686179,0.9294980259447264,0.5318352059925093,0.36344661117127247
windows/intersection/w020,CN,1020.0,1020,1.0,0,all_scored_test_items,0.5653049838829656,0.8738532110091743,0.25675675675675674,0.5215299534599201
windows/intersection/w020,CN inductive,1020.0,1020,1.0,0,all_scored_test_items,0.5615534562902984,0.8774928774928775,0.24561403508771928,0.5566292747848658
windows/intersection/w020,QSMF,1020.0,1020,1.0,0,all_scored_test_items,0.5511241031092213,0.8833802816901408,0.2188679245283019,0.5667474022699655
windows/intersection/w020,MA-MF,1020.0,1020,1.0,0,all_scored_test_items,0.6422967628110109,0.8870779976717112,0.39751552795031053,0.7605045837432112
windows/intersection/w020,MA-QSMF,1020.0,1020,1.0,0,all_scored_test_items,0.6187219510253014,0.9054280917739228,0.33201581027667987,0.7306131221532434
windows/intersection/w020,NVSE,1017.0,1020,0.9970588235294118,0,prefix_eligible_test_items,0.5449985427151537,0.8599651365485182,0.23003194888178913,0.6435200640982841
windows/intersection/w020,VAR,,1020,1.0,0,all_scored_test_items,0.5646690891905122,0.902263942573164,0.22707423580786026,0.6179001578890808
windows/intersection/w020,Bandit,1016.0,1020,0.996078431372549,0,prefix_eligible_test_items,0.5715593405124091,0.8831908831908832,0.259927797833935,0.5808907085561497
windows/intersection/w020,GraphPropagation,1016.0,1020,0.996078431372549,0,prefix_eligible_test_items,0.6649122293453549,0.9027058146229131,0.4271186440677966,0.6524565508021389
windows/intersection/w020,RoleNSGA2,1016.0,1020,0.996078431372549,0,prefix_eligible_test_items,0.6687795054636692,0.9100227790432802,0.427536231884058,0.6083472593582888
windows/intersection/w020,VirtualEnsembles,1016.0,1020,0.996078431372549,0,prefix_eligible_test_items,0.5847863993025283,0.8790322580645161,0.2905405405405405,0.5581759692513368
windows/intersection/w020,BoC,1016.0,1020,0.996078431372549,0,prefix_eligible_test_items,0.6768227569127303,0.9026651216685979,0.45098039215686275,0.7970504679144387
windows/intersection/w020,SEF,1020.0,1020,1.0,0,meta_model_all_test_items,0.6393672000180541,0.9225700164744646,0.3561643835616438,0.7526183961445305
windows/intersection/w040,Net,1020.0,1020,1.0,0,all_test_items,0.5578623606305267,0.8673587081891581,0.24836601307189543,0.5758156913640459
windows/intersection/w040,WNet,1020.0,1020,1.0,0,all_test_items,0.5538128078817733,0.8731428571428571,0.23448275862068965,0.5744475948781113
windows/intersection/w040,SubAdj,1020.0,1020,1.0,0,all_test_items,0.6773801124060241,0.9199776161163962,0.43478260869565216,0.5744475948781113
windows/intersection/w040,RedditScore,1020.0,1020,1.0,0,items_with_observed_external_score,0.4962962962962963,0.9259259259259259,0.06666666666666667,0.36344661117127247
windows/intersection/w040,RedditScore+Sub,1020.0,1020,1.0,0,items_with_observed_external_score,0.7306666159686179,0.9294980259447264,0.5318352059925093,0.36344661117127247
windows/intersection/w040,CN,1020.0,1020,1.0,0,all_scored_test_items,0.5465534465534465,0.9021978021978022,0.19090909090909092,0.5097998693901844
windows/intersection/w040,CN inductive,1020.0,1020,1.0,0,all_scored_test_items,0.5450714104672478,0.8702115494568324,0.21993127147766323,0.5342272114804374
windows/intersection/w040,QSMF,1020.0,1020,1.0,0,all_scored_test_items,0.549913126614512,0.8932146829810901,0.2066115702479339,0.5387572228054658
windows/intersection/w040,MA-MF,1020.0,1020,1.0,0,all_scored_test_items,0.6726249259332412,0.8934426229508197,0.45180722891566266,0.7588926271585752
windows/intersection/w040,MA-QSMF,1020.0,1020,1.0,0,all_scored_test_items,0.6671232498919828,0.9210233592880979,0.4132231404958678,0.7242644931429847
windows/intersection/w040,NVSE,1017.0,1020,0.9970588235294118,0,prefix_eligible_test_items,0.5635401268418292,0.7987220447284346,0.3283582089552239,0.6990176604126326
windows/intersection/w040,VAR,,1020,1.0,587,all_scored_test_items,0.5731286803062722,0.8782161234991424,0.26804123711340205,0.5915756668953716
windows/intersection/w040,Bandit,1017.0,1020,0.9970588235294118,0,prefix_eligible_test_items,0.5899070145346212,0.8850771869639794,0.29473684210526313,0.645247713160179
windows/intersection/w040,GraphPropagation,1017.0,1020,0.9970588235294118,0,prefix_eligible_test_items,0.6031941275667096,0.9005059021922428,0.3058823529411765,0.6975862989917874
windows/intersection/w040,RoleNSGA2,1017.0,1020,0.9970588235294118,0,prefix_eligible_test_items,0.6226822752985544,0.9042792792792793,0.34108527131782945,0.5750734459504574
windows/intersection/w040,VirtualEnsembles,1017.0,1020,0.9970588235294118,0,prefix_eligible_test_items,0.5508518774148733,0.888265019651881,0.2134387351778656,0.6405238031648528
windows/intersection/w040,BoC,1017.0,1020,0.9970588235294118,0,prefix_eligible_test_items,0.6374777663380096,0.8848626534190532,0.39009287925696595,0.8085481070975494
windows/intersection/w040,SEF,1020.0,1020,1.0,0,meta_model_all_test_items,0.6032115242709102,0.8895216400911162,0.31690140845070425,0.8268097312579048
windows/intersection/w060,Net,1020.0,1020,1.0,0,all_test_items,0.5578623606305267,0.8673587081891581,0.24836601307189543,0.5758156913640459
windows/intersection/w060,WNet,1020.0,1020,1.0,0,all_test_items,0.5538128078817733,0.8731428571428571,0.23448275862068965,0.5744475948781113
windows/intersection/w060,SubAdj,1020.0,1020,1.0,0,all_test_items,0.6773801124060241,0.9199776161163962,0.43478260869565216,0.5744475948781113
windows/intersection/w060,RedditScore,1020.0,1020,1.0,0,items_with_observed_external_score,0.4962962962962963,0.9259259259259259,0.06666666666666667,0.36344661117127247
windows/intersection/w060,RedditScore+Sub,1020.0,1020,1.0,0,items_with_observed_external_score,0.7306666159686179,0.9294980259447264,0.5318352059925093,0.36344661117127247
windows/intersection/w060,CN,1020.0,1020,1.0,0,all_scored_test_items,0.537055047656098,0.8679245283018868,0.20618556701030927,0.5023435368807401
windows/intersection/w060,CN inductive,1020.0,1020,1.0,0,all_scored_test_items,0.5573319225268866,0.8810872027180068,0.23357664233576642,0.5611592861098941
windows/intersection/w060,QSMF,1020.0,1020,1.0,0,all_scored_test_items,0.5488160818874473,0.8544710695499708,0.24316109422492402,0.5584974911342387
windows/intersection/w060,MA-MF,1020.0,1020,1.0,0,all_scored_test_items,0.6788888888888889,0.9244444444444444,0.43333333333333335,0.7519488141786048
windows/intersection/w060,MA-QSMF,1020.0,1020,1.0,0,all_scored_test_items,0.6819577644446544,0.9048991354466859,0.45901639344262296,0.7576939927751278
windows/intersection/w060,NVSE,1017.0,1020,0.9970588235294118,0,prefix_eligible_test_items,0.58997872085403,0.8423615337796714,0.3375959079283887,0.7162649395740135
windows/intersection/w060,VAR,,1020,1.0,0,all_scored_test_items,0.5566597233932893,0.8987271721084671,0.2145922746781116,0.6145935802795712
windows/intersection/w060,Bandit,1017.0,1020,0.9970588235294118,0,prefix_eligible_test_items,0.6264313662860337,0.9100055897149245,0.34285714285714286,0.6347315884356013
windows/intersection/w060,GraphPropagation,1017.0,1020,0.9970588235294118,0,prefix_eligible_test_items,0.6470792365529208,0.8941584731058415,0.4,0.6367513520731789
windows/intersection/w060,RoleNSGA2,1017.0,1020,0.9970588235294118,0,prefix_eligible_test_items,0.6561248073959938,0.9107344632768362,0.4015151515151515,0.5979084596381117
windows/intersection/w060,VirtualEnsembles,1017.0,1020,0.9970588235294118,0,prefix_eligible_test_items,0.5638214624309641,0.8679026651216686,0.2597402597402597,0.6461073646257596
windows/intersection/w060,BoC,1017.0,1020,0.9970588235294118,0,prefix_eligible_test_items,0.644688614398677,0.9039226833428085,0.38545454545454544,0.7882586632837016
windows/intersection/w060,SEF,1020.0,1020,1.0,0,meta_model_all_test_items,0.7078959567344837,0.9212464589235128,0.49454545454545457,0.8357953559117474
windows/intersection/w080,Net,1020.0,1020,1.0,0,all_test_items,0.5578623606305267,0.8673587081891581,0.24836601307189543,0.5758156913640459
windows/intersection/w080,WNet,1020.0,1020,1.0,0,all_test_items,0.5538128078817733,0.8731428571428571,0.23448275862068965,0.5744475948781113
windows/intersection/w080,SubAdj,1020.0,1020,1.0,0,all_test_items,0.6773801124060241,0.9199776161163962,0.43478260869565216,0.5744475948781113
windows/intersection/w080,RedditScore,1020.0,1020,1.0,0,items_with_observed_external_score,0.4962962962962963,0.9259259259259259,0.06666666666666667,0.36344661117127247
windows/intersection/w080,RedditScore+Sub,1020.0,1020,1.0,0,items_with_observed_external_score,0.7306666159686179,0.9294980259447264,0.5318352059925093,0.36344661117127247
windows/intersection/w080,CN,1020.0,1020,1.0,0,all_scored_test_items,0.5411605937921727,0.8771929824561403,0.20512820512820512,0.5113374279786065
windows/intersection/w080,CN inductive,1020.0,1020,1.0,0,all_scored_test_items,0.5597027570014281,0.8782707622298066,0.24113475177304963,0.547321258814096
windows/intersection/w080,QSMF,1020.0,1020,1.0,0,all_scored_test_items,0.5545814479638009,0.8812217194570136,0.22794117647058823,0.5675244480082002
windows/intersection/w080,MA-MF,1020.0,1020,1.0,0,all_scored_test_items,0.6938280726869703,0.9192546583850931,0.4684014869888476,0.758313976076911
windows/intersection/w080,MA-QSMF,1020.0,1020,1.0,0,all_scored_test_items,0.6853577596623697,0.9102344196683819,0.46048109965635736,0.7655388481536897
windows/intersection/w080,NVSE,1018.0,1020,0.9980392156862745,0,prefix_eligible_test_items,0.6126574352799519,0.8573148705599036,0.368,0.7399686819059297
windows/intersection/w080,VAR,,1020,1.0,0,all_scored_test_items,0.5551364413272823,0.8975069252077562,0.2127659574468085,0.6151226326970929
windows/intersection/w080,Bandit,1017.0,1020,0.9970588235294118,0,prefix_eligible_test_items,0.6119608493696085,0.8954545454545455,0.3284671532846715,0.4970371235895039
windows/intersection/w080,GraphPropagation,1017.0,1020,0.9970588235294118,0,prefix_eligible_test_items,0.6182814053101818,0.8847712796757383,0.3517915309446254,0.7122880082793617
windows/intersection/w080,RoleNSGA2,1017.0,1020,0.9970588235294118,0,prefix_eligible_test_items,0.5987104453923222,0.8993816750983699,0.2980392156862745,0.5868247980236362
windows/intersection/w080,VirtualEnsembles,1017.0,1020,0.9970588235294118,0,prefix_eligible_test_items,0.6438370765131329,0.9092957746478874,0.3783783783783784,0.6686502637377312
windows/intersection/w080,BoC,1017.0,1020,0.9970588235294118,0,prefix_eligible_test_items,0.6393651215048972,0.891844997108155,0.38688524590163936,0.7897025439006476
windows/intersection/w080,SEF,1020.0,1020,1.0,0,meta_model_all_test_items,0.719172127931252,0.9286917462099944,0.5096525096525096,0.850939481363302
windows/intersection/w100,Net,1020.0,1020,1.0,0,all_test_items,0.5578623606305267,0.8673587081891581,0.24836601307189543,0.5758156913640459
windows/intersection/w100,WNet,1020.0,1020,1.0,0,all_test_items,0.5538128078817733,0.8731428571428571,0.23448275862068965,0.5744475948781113
windows/intersection/w100,SubAdj,1020.0,1020,1.0,0,all_test_items,0.6773801124060241,0.9199776161163962,0.43478260869565216,0.5744475948781113
windows/intersection/w100,RedditScore,1020.0,1020,1.0,0,items_with_observed_external_score,0.4962962962962963,0.9259259259259259,0.06666666666666667,0.36344661117127247
windows/intersection/w100,RedditScore+Sub,1020.0,1020,1.0,0,items_with_observed_external_score,0.7306666159686179,0.9294980259447264,0.5318352059925093,0.36344661117127247
windows/intersection/w100,CN,1020.0,1020,1.0,0,all_scored_test_items,0.5333710407239819,0.8755656108597285,0.19117647058823528,0.49550718767307866
windows/intersection/w100,CN inductive,1020.0,1020,1.0,0,all_scored_test_items,0.5452640242647787,0.8653624856156502,0.2251655629139073,0.5363847533706425
windows/intersection/w100,QSMF,1020.0,1020,1.0,0,all_scored_test_items,0.5456279803244548,0.8632429313329486,0.2280130293159609,0.5392036107827496
windows/intersection/w100,MA-MF,1020.0,1020,1.0,0,all_scored_test_items,0.6928755281433636,0.9111747851002865,0.4745762711864407,0.7712096287539989
windows/intersection/w100,MA-QSMF,1020.0,1020,1.0,0,all_scored_test_items,0.6811031706536479,0.9021424435437174,0.46006389776357826,0.7358375147762687
windows/intersection/w100,NVSE,1019.0,1020,0.9990196078431373,0,prefix_eligible_test_items,0.6209735412998736,0.8541919805589308,0.3877551020408163,0.7548579042322525
windows/intersection/w100,VAR,,1020,1.0,684,all_scored_test_items,0.5709309956083526,0.8700173310225303,0.27184466019417475,0.6105471559299337
windows/intersection/w100,Bandit,1020.0,1020,1.0,0,all_scored_test_items,0.5988303493561792,0.8808290155440415,0.31683168316831684,0.6417323160096221
windows/intersection/w100,GraphPropagation,1020.0,1020,1.0,0,all_scored_test_items,0.634382962807116,0.8946162657502864,0.3741496598639456,0.7362756363095287
windows/intersection/w100,RoleNSGA2,1020.0,1020,1.0,0,all_scored_test_items,0.6856193991323711,0.9081515499425947,0.46308724832214765,0.6270759107554703
windows/intersection/w100,VirtualEnsembles,1020.0,1020,1.0,0,all_scored_test_items,0.6438430444641625,0.9036281179138322,0.38405797101449274,0.6311430012151672
windows/intersection/w100,BoC,1020.0,1020,1.0,0,all_scored_test_items,0.6311879560844126,0.8850174216027874,0.37735849056603776,0.7827165188350929
windows/intersection/w100,SEF,1020.0,1020,1.0,0,meta_model_all_test_items,0.7483560778981109,0.9272206303724928,0.5694915254237288,0.8622066445677063
