split,method,n_items,n_test_items,score_coverage,n_fallback_items,auc_population
full,Net,11082.0,11082,1.0,0,all_test_items
full,WNet,11082.0,11082,1.0,0,all_test_items
full,SubAdj,11082.0,11082,1.0,0,all_test_items
full,RedditScore,11082.0,11082,0.9997292907417433,3,items_with_observed_external_score
full,RedditScore+Sub,11082.0,11082,0.9997292907417433,3,items_with_observed_external_score
full,CN,11082.0,11082,1.0,0,all_scored_test_items
full,CN inductive,11082.0,11082,1.0,0,all_scored_test_items
full,QSMF,11082.0,11082,1.0,0,all_scored_test_items
full,MA-MF,11082.0,11082,1.0,0,all_scored_test_items
full,MA-QSMF,11082.0,11082,1.0,0,all_scored_test_items
full,NVSE,11082.0,11082,1.0,705,all_scored_test_items
full,VAR,,11082,1.0,8347,all_scored_test_items
full,SEF,11082.0,11082,1.0,525,hybrid_meta_plus_net_vote_all_test_items
intersection,Net,767.0,767,1.0,0,all_test_items
intersection,WNet,767.0,767,1.0,0,all_test_items
intersection,SubAdj,767.0,767,1.0,0,all_test_items
intersection,RedditScore,767.0,767,1.0,0,items_with_observed_external_score
intersection,RedditScore+Sub,767.0,767,1.0,0,items_with_observed_external_score
intersection,CN,767.0,767,1.0,0,all_scored_test_items
intersection,CN inductive,767.0,767,1.0,0,all_scored_test_items
intersection,QSMF,767.0,767,1.0,0,all_scored_test_items
intersection,MA-MF,767.0,767,1.0,0,all_scored_test_items
intersection,MA-QSMF,767.0,767,1.0,0,all_scored_test_items
intersection,NVSE,767.0,767,1.0,0,all_scored_test_items
intersection,VAR,,767,1.0,515,all_scored_test_items
intersection,SEF,767.0,767,1.0,0,meta_model_all_test_items
intersection_chronological,Net,766.0,766,1.0,0,all_test_items
intersection_chronological,WNet,766.0,766,1.0,0,all_test_items
intersection_chronological,SubAdj,766.0,766,1.0,0,all_test_items
intersection_chronological,RedditScore,766.0,766,1.0,0,items_with_observed_external_score
intersection_chronological,RedditScore+Sub,766.0,766,1.0,0,items_with_observed_external_score
intersection_chronological,CN,766.0,766,1.0,0,all_scored_test_items
intersection_chronological,CN inductive,766.0,766,1.0,0,all_scored_test_items
intersection_chronological,QSMF,766.0,766,1.0,0,all_scored_test_items
intersection_chronological,MA-MF,766.0,766,1.0,0,all_scored_test_items
intersection_chronological,MA-QSMF,766.0,766,1.0,0,all_scored_test_items
intersection_chronological,NVSE,765.0,766,0.9986945169712794,0,prefix_eligible_test_items
intersection_chronological,VAR,,766,1.0,512,all_scored_test_items
intersection_chronological,Bandit,766.0,766,1.0,0,all_scored_test_items
intersection_chronological,GraphPropagation,766.0,766,1.0,0,all_scored_test_items
intersection_chronological,RoleNSGA2,766.0,766,1.0,0,all_scored_test_items
intersection_chronological,VirtualEnsembles,766.0,766,1.0,0,all_scored_test_items
intersection_chronological,BoC,766.0,766,1.0,0,all_scored_test_items
windows/full/w020,Net,1035.0,1035,1.0,0,all_test_items
windows/full/w020,WNet,1035.0,1035,1.0,0,all_test_items
windows/full/w020,SubAdj,1035.0,1035,1.0,0,all_test_items
windows/full/w020,RedditScore,1035.0,1035,1.0,0,items_with_observed_external_score
windows/full/w020,RedditScore+Sub,1035.0,1035,1.0,0,items_with_observed_external_score
windows/full/w020,CN,1035.0,1035,1.0,0,all_scored_test_items
windows/full/w020,CN inductive,1035.0,1035,1.0,0,all_scored_test_items
windows/full/w020,QSMF,1035.0,1035,1.0,0,all_scored_test_items
windows/full/w020,MA-MF,1035.0,1035,1.0,0,all_scored_test_items
windows/full/w020,MA-QSMF,1035.0,1035,1.0,0,all_scored_test_items
windows/full/w020,NVSE,1028.0,1035,0.9932367149758454,0,prefix_eligible_test_items
windows/full/w020,VAR,,1035,1.0,532,all_scored_test_items
windows/full/w020,SEF,1035.0,1035,1.0,0,meta_model_all_test_items
windows/full/w040,Net,1035.0,1035,1.0,0,all_test_items
windows/full/w040,WNet,1035.0,1035,1.0,0,all_test_items
windows/full/w040,SubAdj,1035.0,1035,1.0,0,all_test_items
windows/full/w040,RedditScore,1035.0,1035,1.0,0,items_with_observed_external_score
windows/full/w040,RedditScore+Sub,1035.0,1035,1.0,0,items_with_observed_external_score
windows/full/w040,CN,1035.0,1035,1.0,0,all_scored_test_items
windows/full/w040,CN inductive,1035.0,1035,1.0,0,all_scored_test_items
windows/full/w040,QSMF,1035.0,1035,1.0,0,all_scored_test_items
windows/full/w040,MA-MF,1035.0,1035,1.0,0,all_scored_test_items
windows/full/w040,MA-QSMF,1035.0,1035,1.0,0,all_scored_test_items
windows/full/w040,NVSE,1029.0,1035,0.9942028985507246,0,prefix_eligible_test_items
windows/full/w040,VAR,,1035,1.0,516,all_scored_test_items
windows/full/w040,SEF,1035.0,1035,1.0,0,meta_model_all_test_items
windows/full/w060,Net,1035.0,1035,1.0,0,all_test_items
windows/full/w060,WNet,1035.0,1035,1.0,0,all_test_items
windows/full/w060,SubAdj,1035.0,1035,1.0,0,all_test_items
windows/full/w060,RedditScore,1035.0,1035,1.0,0,items_with_observed_external_score
windows/full/w060,RedditScore+Sub,1035.0,1035,1.0,0,items_with_observed_external_score
windows/full/w060,CN,1035.0,1035,1.0,0,all_scored_test_items
windows/full/w060,CN inductive,1035.0,1035,1.0,0,all_scored_test_items
windows/full/w060,QSMF,1035.0,1035,1.0,0,all_scored_test_items
windows/full/w060,MA-MF,1035.0,1035,1.0,0,all_scored_test_items
windows/full/w060,MA-QSMF,1035.0,1035,1.0,0,all_scored_test_items
windows/full/w060,NVSE,1029.0,1035,0.9942028985507246,0,prefix_eligible_test_items
windows/full/w060,VAR,,1035,1.0,654,all_scored_test_items
windows/full/w060,SEF,1035.0,1035,1.0,0,meta_model_all_test_items
windows/full/w080,Net,1035.0,1035,1.0,0,all_test_items
windows/full/w080,WNet,1035.0,1035,1.0,0,all_test_items
windows/full/w080,SubAdj,1035.0,1035,1.0,0,all_test_items
windows/full/w080,RedditScore,1035.0,1035,1.0,0,items_with_observed_external_score
windows/full/w080,RedditScore+Sub,1035.0,1035,1.0,0,items_with_observed_external_score
windows/full/w080,CN,1035.0,1035,1.0,0,all_scored_test_items
windows/full/w080,CN inductive,1035.0,1035,1.0,0,all_scored_test_items
windows/full/w080,QSMF,1035.0,1035,1.0,0,all_scored_test_items
windows/full/w080,MA-MF,1035.0,1035,1.0,0,all_scored_test_items
windows/full/w080,MA-QSMF,1035.0,1035,1.0,0,all_scored_test_items
windows/full/w080,NVSE,1029.0,1035,0.9942028985507246,0,prefix_eligible_test_items
windows/full/w080,VAR,,1035,1.0,661,all_scored_test_items
windows/full/w080,SEF,1035.0,1035,1.0,0,meta_model_all_test_items
windows/full/w100,Net,1035.0,1035,1.0,0,all_test_items
windows/full/w100,WNet,1035.0,1035,1.0,0,all_test_items
windows/full/w100,SubAdj,1035.0,1035,1.0,0,all_test_items
windows/full/w100,RedditScore,1035.0,1035,1.0,0,items_with_observed_external_score
windows/full/w100,RedditScore+Sub,1035.0,1035,1.0,0,items_with_observed_external_score
windows/full/w100,CN,1035.0,1035,1.0,0,all_scored_test_items
windows/full/w100,CN inductive,1035.0,1035,1.0,0,all_scored_test_items
windows/full/w100,QSMF,1035.0,1035,1.0,0,all_scored_test_items
windows/full/w100,MA-MF,1035.0,1035,1.0,0,all_scored_test_items
windows/full/w100,MA-QSMF,1035.0,1035,1.0,0,all_scored_test_items
windows/full/w100,NVSE,1031.0,1035,0.996135265700483,0,prefix_eligible_test_items
windows/full/w100,VAR,,1035,1.0,674,all_scored_test_items
windows/full/w100,SEF,1035.0,1035,1.0,0,meta_model_all_test_items
windows/intersection/w020,Net,1020.0,1020,1.0,0,all_test_items
windows/intersection/w020,WNet,1020.0,1020,1.0,0,all_test_items
windows/intersection/w020,SubAdj,1020.0,1020,1.0,0,all_test_items
windows/intersection/w020,RedditScore,1020.0,1020,1.0,0,items_with_observed_external_score
windows/intersection/w020,RedditScore+Sub,1020.0,1020,1.0,0,items_with_observed_external_score
windows/intersection/w020,CN,1020.0,1020,1.0,0,all_scored_test_items
windows/intersection/w020,CN inductive,1020.0,1020,1.0,0,all_scored_test_items
windows/intersection/w020,QSMF,1020.0,1020,1.0,0,all_scored_test_items
windows/intersection/w020,MA-MF,1020.0,1020,1.0,0,all_scored_test_items
windows/intersection/w020,MA-QSMF,1020.0,1020,1.0,0,all_scored_test_items
windows/intersection/w020,NVSE,1017.0,1020,0.9970588235294118,0,prefix_eligible_test_items
windows/intersection/w020,VAR,,1020,1.0,0,all_scored_test_items
windows/intersection/w020,SEF,1020.0,1020,1.0,0,meta_model_all_test_items
windows/intersection/w040,Net,1020.0,1020,1.0,0,all_test_items
windows/intersection/w040,WNet,1020.0,1020,1.0,0,all_test_items
windows/intersection/w040,SubAdj,1020.0,1020,1.0,0,all_test_items
windows/intersection/w040,RedditScore,1020.0,1020,1.0,0,items_with_observed_external_score
windows/intersection/w040,RedditScore+Sub,1020.0,1020,1.0,0,items_with_observed_external_score
windows/intersection/w040,CN,1020.0,1020,1.0,0,all_scored_test_items
windows/intersection/w040,CN inductive,1020.0,1020,1.0,0,all_scored_test_items
windows/intersection/w040,QSMF,1020.0,1020,1.0,0,all_scored_test_items
windows/intersection/w040,MA-MF,1020.0,1020,1.0,0,all_scored_test_items
windows/intersection/w040,MA-QSMF,1020.0,1020,1.0,0,all_scored_test_items
windows/intersection/w040,NVSE,1017.0,1020,0.9970588235294118,0,prefix_eligible_test_items
windows/intersection/w040,VAR,,1020,1.0,587,all_scored_test_items
windows/intersection/w040,SEF,1020.0,1020,1.0,0,meta_model_all_test_items
windows/intersection/w060,Net,1020.0,1020,1.0,0,all_test_items
windows/intersection/w060,WNet,1020.0,1020,1.0,0,all_test_items
windows/intersection/w060,SubAdj,1020.0,1020,1.0,0,all_test_items
windows/intersection/w060,RedditScore,1020.0,1020,1.0,0,items_with_observed_external_score
windows/intersection/w060,RedditScore+Sub,1020.0,1020,1.0,0,items_with_observed_external_score
windows/intersection/w060,CN,1020.0,1020,1.0,0,all_scored_test_items
windows/intersection/w060,CN inductive,1020.0,1020,1.0,0,all_scored_test_items
windows/intersection/w060,QSMF,1020.0,1020,1.0,0,all_scored_test_items
windows/intersection/w060,MA-MF,1020.0,1020,1.0,0,all_scored_test_items
windows/intersection/w060,MA-QSMF,1020.0,1020,1.0,0,all_scored_test_items
windows/intersection/w060,NVSE,1017.0,1020,0.9970588235294118,0,prefix_eligible_test_items
windows/intersection/w060,VAR,,1020,1.0,0,all_scored_test_items
windows/intersection/w060,SEF,1020.0,1020,1.0,0,meta_model_all_test_items
windows/intersection/w080,Net,1020.0,1020,1.0,0,all_test_items
windows/intersection/w080,WNet,1020.0,1020,1.0,0,all_test_items
windows/intersection/w080,SubAdj,1020.0,1020,1.0,0,all_test_items
windows/intersection/w080,RedditScore,1020.0,1020,1.0,0,items_with_observed_external_score
windows/intersection/w080,RedditScore+Sub,1020.0,1020,1.0,0,items_with_observed_external_score
windows/intersection/w080,CN,1020.0,1020,1.0,0,all_scored_test_items
windows/intersection/w080,CN inductive,1020.0,1020,1.0,0,all_scored_test_items
windows/intersection/w080,QSMF,1020.0,1020,1.0,0,all_scored_test_items
windows/intersection/w080,MA-MF,1020.0,1020,1.0,0,all_scored_test_items
windows/intersection/w080,MA-QSMF,1020.0,1020,1.0,0,all_scored_test_items
windows/intersection/w080,NVSE,1018.0,1020,0.9980392156862745,0,prefix_eligible_test_items
windows/intersection/w080,VAR,,1020,1.0,0,all_scored_test_items
windows/intersection/w080,SEF,1020.0,1020,1.0,0,meta_model_all_test_items
windows/intersection/w100,Net,1020.0,1020,1.0,0,all_test_items
windows/intersection/w100,WNet,1020.0,1020,1.0,0,all_test_items
windows/intersection/w100,SubAdj,1020.0,1020,1.0,0,all_test_items
windows/intersection/w100,RedditScore,1020.0,1020,1.0,0,items_with_observed_external_score
windows/intersection/w100,RedditScore+Sub,1020.0,1020,1.0,0,items_with_observed_external_score
windows/intersection/w100,CN,1020.0,1020,1.0,0,all_scored_test_items
windows/intersection/w100,CN inductive,1020.0,1020,1.0,0,all_scored_test_items
windows/intersection/w100,QSMF,1020.0,1020,1.0,0,all_scored_test_items
windows/intersection/w100,MA-MF,1020.0,1020,1.0,0,all_scored_test_items
windows/intersection/w100,MA-QSMF,1020.0,1020,1.0,0,all_scored_test_items
windows/intersection/w100,NVSE,1019.0,1020,0.9990196078431373,0,prefix_eligible_test_items
windows/intersection/w100,VAR,,1020,1.0,684,all_scored_test_items
windows/intersection/w100,SEF,1020.0,1020,1.0,0,meta_model_all_test_items
