split,method,label,supported,status,result_dir
full,Net,Net,True,available,results\reddit\full\baselines\BL1_net_vote
full,WNet,WNet,True,available,results\reddit\full\baselines\BL2_net_vote_alpha
full,SubAdj,SubAdj,True,available,results\reddit\full\baselines\BL3_net_vote_alpha_subreddit
full,RedditScore,RedditScore,True,available,results\reddit\full\baselines\BL4_reddit_score
full,RedditScore+Sub,RedditScore+Sub,True,available,results\reddit\full\baselines\BL5_subreddit
full,CN,CN,True,available,results\reddit\full\cn
full,CN inductive,CN inductive,True,available,results\reddit\full\ma_qsmf\cn_inductive
full,QSMF,QSMF,True,available,results\reddit\full\ma_qsmf\qsmf
full,MA-MF,MA-MF,True,available,results\reddit\full\ma_qsmf\ma_mf
full,MA-QSMF,MA-QSMF,True,available,results\reddit\full\ma_qsmf\ma_qsmf
full,NVSE,NVSE,True,available,results\reddit\full\normvio-skill-extraction
full,VAR,VAR,True,available,results\reddit\full\var
full,Bandit,Bandit,True,available,results\reddit\full\bandit
full,GraphPropagation,GraphPropagation,True,available,results\reddit\full\graph_propagation
full,RoleNSGA2,Role-NSGA2,True,available,results\reddit\full\role_nsga2
full,VirtualEnsembles,VirtualEnsembles,True,available,results\reddit\full\virtual_ensembles
full,BoC,BoC,True,available,results\reddit\full\boc_stacking
full,SEF,SEF,True,available,results\reddit\full\expertise
intersection,Net,Net,True,available,results\reddit\intersection\baselines\BL1_net_vote
intersection,WNet,WNet,True,available,results\reddit\intersection\baselines\BL2_net_vote_alpha
intersection,SubAdj,SubAdj,True,available,results\reddit\intersection\baselines\BL3_net_vote_alpha_subreddit
intersection,RedditScore,RedditScore,True,available,results\reddit\intersection\baselines\BL4_reddit_score
intersection,RedditScore+Sub,RedditScore+Sub,True,available,results\reddit\intersection\baselines\BL5_subreddit
intersection,CN,CN,True,available,results\reddit\intersection\cn
intersection,CN inductive,CN inductive,True,available,results\reddit\intersection\ma_qsmf\cn_inductive
intersection,QSMF,QSMF,True,available,results\reddit\intersection\ma_qsmf\qsmf
intersection,MA-MF,MA-MF,True,available,results\reddit\intersection\ma_qsmf\ma_mf
intersection,MA-QSMF,MA-QSMF,True,available,results\reddit\intersection\ma_qsmf\ma_qsmf
intersection,NVSE,NVSE,True,available,results\reddit\intersection\normvio-skill-extraction
intersection,VAR,VAR,True,available,results\reddit\intersection\var
intersection,Bandit,Bandit,True,available,results\reddit\intersection\bandit
intersection,GraphPropagation,GraphPropagation,True,available,results\reddit\intersection\graph_propagation
intersection,RoleNSGA2,Role-NSGA2,True,available,results\reddit\intersection\role_nsga2
intersection,VirtualEnsembles,VirtualEnsembles,True,available,results\reddit\intersection\virtual_ensembles
intersection,BoC,BoC,True,available,results\reddit\intersection\boc_stacking
intersection,SEF,SEF,True,available,results\reddit\intersection\expertise
intersection_chronological,Net,Net,True,available,results\reddit\intersection_chronological\baselines\BL1_net_vote
intersection_chronological,WNet,WNet,True,available,results\reddit\intersection_chronological\baselines\BL2_net_vote_alpha
intersection_chronological,SubAdj,SubAdj,True,available,results\reddit\intersection_chronological\baselines\BL3_net_vote_alpha_subreddit
intersection_chronological,RedditScore,RedditScore,True,available,results\reddit\intersection_chronological\baselines\BL4_reddit_score
intersection_chronological,RedditScore+Sub,RedditScore+Sub,True,available,results\reddit\intersection_chronological\baselines\BL5_subreddit
intersection_chronological,CN,CN,True,available,results\reddit\intersection_chronological\cn
intersection_chronological,CN inductive,CN inductive,True,available,results\reddit\intersection_chronological\ma_qsmf\cn_inductive
intersection_chronological,QSMF,QSMF,True,available,results\reddit\intersection_chronological\ma_qsmf\qsmf
intersection_chronological,MA-MF,MA-MF,True,available,results\reddit\intersection_chronological\ma_qsmf\ma_mf
intersection_chronological,MA-QSMF,MA-QSMF,True,available,results\reddit\intersection_chronological\ma_qsmf\ma_qsmf
intersection_chronological,NVSE,NVSE,True,available,results\reddit\intersection_chronological\normvio-skill-extraction
intersection_chronological,VAR,VAR,True,available,results\reddit\intersection_chronological\var
intersection_chronological,Bandit,Bandit,True,available,results\reddit\intersection_chronological\bandit
intersection_chronological,GraphPropagation,GraphPropagation,True,available,results\reddit\intersection_chronological\graph_propagation
intersection_chronological,RoleNSGA2,Role-NSGA2,True,available,results\reddit\intersection_chronological\role_nsga2
intersection_chronological,VirtualEnsembles,VirtualEnsembles,True,available,results\reddit\intersection_chronological\virtual_ensembles
intersection_chronological,BoC,BoC,True,available,results\reddit\intersection_chronological\boc_stacking
intersection_chronological,SEF,SEF,True,available,results\reddit\intersection_chronological\expertise
windows/full/w020,Net,Net,True,available,results\reddit\windows\full\w020\baselines\BL1_net_vote
windows/full/w020,WNet,WNet,True,available,results\reddit\windows\full\w020\baselines\BL2_net_vote_alpha
windows/full/w020,SubAdj,SubAdj,True,available,results\reddit\windows\full\w020\baselines\BL3_net_vote_alpha_subreddit
windows/full/w020,RedditScore,RedditScore,True,available,results\reddit\windows\full\w020\baselines\BL4_reddit_score
windows/full/w020,RedditScore+Sub,RedditScore+Sub,True,available,results\reddit\windows\full\w020\baselines\BL5_subreddit
windows/full/w020,CN,CN,True,available,results\reddit\windows\full\w020\cn
windows/full/w020,CN inductive,CN inductive,True,available,results\reddit\windows\full\w020\ma_qsmf\cn_inductive
windows/full/w020,QSMF,QSMF,True,available,results\reddit\windows\full\w020\ma_qsmf\qsmf
windows/full/w020,MA-MF,MA-MF,True,available,results\reddit\windows\full\w020\ma_qsmf\ma_mf
windows/full/w020,MA-QSMF,MA-QSMF,True,available,results\reddit\windows\full\w020\ma_qsmf\ma_qsmf
windows/full/w020,NVSE,NVSE,True,available,results\reddit\windows\full\w020\normvio-skill-extraction
windows/full/w020,VAR,VAR,True,available,results\reddit\windows\full\w020\var
windows/full/w020,Bandit,Bandit,True,available,results\reddit\windows\full\w020\bandit
windows/full/w020,GraphPropagation,GraphPropagation,True,available,results\reddit\windows\full\w020\graph_propagation
windows/full/w020,RoleNSGA2,Role-NSGA2,True,available,results\reddit\windows\full\w020\role_nsga2
windows/full/w020,VirtualEnsembles,VirtualEnsembles,True,available,results\reddit\windows\full\w020\virtual_ensembles
windows/full/w020,BoC,BoC,True,available,results\reddit\windows\full\w020\boc_stacking
windows/full/w020,SEF,SEF,True,available,results\reddit\windows\full\w020\expertise
windows/full/w040,Net,Net,True,available,results\reddit\windows\full\w040\baselines\BL1_net_vote
windows/full/w040,WNet,WNet,True,available,results\reddit\windows\full\w040\baselines\BL2_net_vote_alpha
windows/full/w040,SubAdj,SubAdj,True,available,results\reddit\windows\full\w040\baselines\BL3_net_vote_alpha_subreddit
windows/full/w040,RedditScore,RedditScore,True,available,results\reddit\windows\full\w040\baselines\BL4_reddit_score
windows/full/w040,RedditScore+Sub,RedditScore+Sub,True,available,results\reddit\windows\full\w040\baselines\BL5_subreddit
windows/full/w040,CN,CN,True,available,results\reddit\windows\full\w040\cn
windows/full/w040,CN inductive,CN inductive,True,available,results\reddit\windows\full\w040\ma_qsmf\cn_inductive
windows/full/w040,QSMF,QSMF,True,available,results\reddit\windows\full\w040\ma_qsmf\qsmf
windows/full/w040,MA-MF,MA-MF,True,available,results\reddit\windows\full\w040\ma_qsmf\ma_mf
windows/full/w040,MA-QSMF,MA-QSMF,True,available,results\reddit\windows\full\w040\ma_qsmf\ma_qsmf
windows/full/w040,NVSE,NVSE,True,available,results\reddit\windows\full\w040\normvio-skill-extraction
windows/full/w040,VAR,VAR,True,available,results\reddit\windows\full\w040\var
windows/full/w040,Bandit,Bandit,True,available,results\reddit\windows\full\w040\bandit
windows/full/w040,GraphPropagation,GraphPropagation,True,available,results\reddit\windows\full\w040\graph_propagation
windows/full/w040,RoleNSGA2,Role-NSGA2,True,available,results\reddit\windows\full\w040\role_nsga2
windows/full/w040,VirtualEnsembles,VirtualEnsembles,True,available,results\reddit\windows\full\w040\virtual_ensembles
windows/full/w040,BoC,BoC,True,available,results\reddit\windows\full\w040\boc_stacking
windows/full/w040,SEF,SEF,True,available,results\reddit\windows\full\w040\expertise
windows/full/w060,Net,Net,True,available,results\reddit\windows\full\w060\baselines\BL1_net_vote
windows/full/w060,WNet,WNet,True,available,results\reddit\windows\full\w060\baselines\BL2_net_vote_alpha
windows/full/w060,SubAdj,SubAdj,True,available,results\reddit\windows\full\w060\baselines\BL3_net_vote_alpha_subreddit
windows/full/w060,RedditScore,RedditScore,True,available,results\reddit\windows\full\w060\baselines\BL4_reddit_score
windows/full/w060,RedditScore+Sub,RedditScore+Sub,True,available,results\reddit\windows\full\w060\baselines\BL5_subreddit
windows/full/w060,CN,CN,True,available,results\reddit\windows\full\w060\cn
windows/full/w060,CN inductive,CN inductive,True,available,results\reddit\windows\full\w060\ma_qsmf\cn_inductive
windows/full/w060,QSMF,QSMF,True,available,results\reddit\windows\full\w060\ma_qsmf\qsmf
windows/full/w060,MA-MF,MA-MF,True,available,results\reddit\windows\full\w060\ma_qsmf\ma_mf
windows/full/w060,MA-QSMF,MA-QSMF,True,available,results\reddit\windows\full\w060\ma_qsmf\ma_qsmf
windows/full/w060,NVSE,NVSE,True,available,results\reddit\windows\full\w060\normvio-skill-extraction
windows/full/w060,VAR,VAR,True,available,results\reddit\windows\full\w060\var
windows/full/w060,Bandit,Bandit,True,available,results\reddit\windows\full\w060\bandit
windows/full/w060,GraphPropagation,GraphPropagation,True,available,results\reddit\windows\full\w060\graph_propagation
windows/full/w060,RoleNSGA2,Role-NSGA2,True,available,results\reddit\windows\full\w060\role_nsga2
windows/full/w060,VirtualEnsembles,VirtualEnsembles,True,available,results\reddit\windows\full\w060\virtual_ensembles
windows/full/w060,BoC,BoC,True,available,results\reddit\windows\full\w060\boc_stacking
windows/full/w060,SEF,SEF,True,available,results\reddit\windows\full\w060\expertise
windows/full/w080,Net,Net,True,available,results\reddit\windows\full\w080\baselines\BL1_net_vote
windows/full/w080,WNet,WNet,True,available,results\reddit\windows\full\w080\baselines\BL2_net_vote_alpha
windows/full/w080,SubAdj,SubAdj,True,available,results\reddit\windows\full\w080\baselines\BL3_net_vote_alpha_subreddit
windows/full/w080,RedditScore,RedditScore,True,available,results\reddit\windows\full\w080\baselines\BL4_reddit_score
windows/full/w080,RedditScore+Sub,RedditScore+Sub,True,available,results\reddit\windows\full\w080\baselines\BL5_subreddit
windows/full/w080,CN,CN,True,available,results\reddit\windows\full\w080\cn
windows/full/w080,CN inductive,CN inductive,True,available,results\reddit\windows\full\w080\ma_qsmf\cn_inductive
windows/full/w080,QSMF,QSMF,True,available,results\reddit\windows\full\w080\ma_qsmf\qsmf
windows/full/w080,MA-MF,MA-MF,True,available,results\reddit\windows\full\w080\ma_qsmf\ma_mf
windows/full/w080,MA-QSMF,MA-QSMF,True,available,results\reddit\windows\full\w080\ma_qsmf\ma_qsmf
windows/full/w080,NVSE,NVSE,True,available,results\reddit\windows\full\w080\normvio-skill-extraction
windows/full/w080,VAR,VAR,True,available,results\reddit\windows\full\w080\var
windows/full/w080,Bandit,Bandit,True,available,results\reddit\windows\full\w080\bandit
windows/full/w080,GraphPropagation,GraphPropagation,True,available,results\reddit\windows\full\w080\graph_propagation
windows/full/w080,RoleNSGA2,Role-NSGA2,True,available,results\reddit\windows\full\w080\role_nsga2
windows/full/w080,VirtualEnsembles,VirtualEnsembles,True,available,results\reddit\windows\full\w080\virtual_ensembles
windows/full/w080,BoC,BoC,True,available,results\reddit\windows\full\w080\boc_stacking
windows/full/w080,SEF,SEF,True,available,results\reddit\windows\full\w080\expertise
windows/full/w100,Net,Net,True,available,results\reddit\windows\full\w100\baselines\BL1_net_vote
windows/full/w100,WNet,WNet,True,available,results\reddit\windows\full\w100\baselines\BL2_net_vote_alpha
windows/full/w100,SubAdj,SubAdj,True,available,results\reddit\windows\full\w100\baselines\BL3_net_vote_alpha_subreddit
windows/full/w100,RedditScore,RedditScore,True,available,results\reddit\windows\full\w100\baselines\BL4_reddit_score
windows/full/w100,RedditScore+Sub,RedditScore+Sub,True,available,results\reddit\windows\full\w100\baselines\BL5_subreddit
windows/full/w100,CN,CN,True,available,results\reddit\windows\full\w100\cn
windows/full/w100,CN inductive,CN inductive,True,available,results\reddit\windows\full\w100\ma_qsmf\cn_inductive
windows/full/w100,QSMF,QSMF,True,available,results\reddit\windows\full\w100\ma_qsmf\qsmf
windows/full/w100,MA-MF,MA-MF,True,available,results\reddit\windows\full\w100\ma_qsmf\ma_mf
windows/full/w100,MA-QSMF,MA-QSMF,True,available,results\reddit\windows\full\w100\ma_qsmf\ma_qsmf
windows/full/w100,NVSE,NVSE,True,available,results\reddit\windows\full\w100\normvio-skill-extraction
windows/full/w100,VAR,VAR,True,available,results\reddit\windows\full\w100\var
windows/full/w100,Bandit,Bandit,True,available,results\reddit\windows\full\w100\bandit
windows/full/w100,GraphPropagation,GraphPropagation,True,available,results\reddit\windows\full\w100\graph_propagation
windows/full/w100,RoleNSGA2,Role-NSGA2,True,available,results\reddit\windows\full\w100\role_nsga2
windows/full/w100,VirtualEnsembles,VirtualEnsembles,True,available,results\reddit\windows\full\w100\virtual_ensembles
windows/full/w100,BoC,BoC,True,available,results\reddit\windows\full\w100\boc_stacking
windows/full/w100,SEF,SEF,True,available,results\reddit\windows\full\w100\expertise
windows/intersection/w020,Net,Net,True,available,results\reddit\windows\intersection\w020\baselines\BL1_net_vote
windows/intersection/w020,WNet,WNet,True,available,results\reddit\windows\intersection\w020\baselines\BL2_net_vote_alpha
windows/intersection/w020,SubAdj,SubAdj,True,available,results\reddit\windows\intersection\w020\baselines\BL3_net_vote_alpha_subreddit
windows/intersection/w020,RedditScore,RedditScore,True,available,results\reddit\windows\intersection\w020\baselines\BL4_reddit_score
windows/intersection/w020,RedditScore+Sub,RedditScore+Sub,True,available,results\reddit\windows\intersection\w020\baselines\BL5_subreddit
windows/intersection/w020,CN,CN,True,available,results\reddit\windows\intersection\w020\cn
windows/intersection/w020,CN inductive,CN inductive,True,available,results\reddit\windows\intersection\w020\ma_qsmf\cn_inductive
windows/intersection/w020,QSMF,QSMF,True,available,results\reddit\windows\intersection\w020\ma_qsmf\qsmf
windows/intersection/w020,MA-MF,MA-MF,True,available,results\reddit\windows\intersection\w020\ma_qsmf\ma_mf
windows/intersection/w020,MA-QSMF,MA-QSMF,True,available,results\reddit\windows\intersection\w020\ma_qsmf\ma_qsmf
windows/intersection/w020,NVSE,NVSE,True,available,results\reddit\windows\intersection\w020\normvio-skill-extraction
windows/intersection/w020,VAR,VAR,True,available,results\reddit\windows\intersection\w020\var
windows/intersection/w020,Bandit,Bandit,True,available,results\reddit\windows\intersection\w020\bandit
windows/intersection/w020,GraphPropagation,GraphPropagation,True,available,results\reddit\windows\intersection\w020\graph_propagation
windows/intersection/w020,RoleNSGA2,Role-NSGA2,True,available,results\reddit\windows\intersection\w020\role_nsga2
windows/intersection/w020,VirtualEnsembles,VirtualEnsembles,True,available,results\reddit\windows\intersection\w020\virtual_ensembles
windows/intersection/w020,BoC,BoC,True,available,results\reddit\windows\intersection\w020\boc_stacking
windows/intersection/w020,SEF,SEF,True,available,results\reddit\windows\intersection\w020\expertise
windows/intersection/w040,Net,Net,True,available,results\reddit\windows\intersection\w040\baselines\BL1_net_vote
windows/intersection/w040,WNet,WNet,True,available,results\reddit\windows\intersection\w040\baselines\BL2_net_vote_alpha
windows/intersection/w040,SubAdj,SubAdj,True,available,results\reddit\windows\intersection\w040\baselines\BL3_net_vote_alpha_subreddit
windows/intersection/w040,RedditScore,RedditScore,True,available,results\reddit\windows\intersection\w040\baselines\BL4_reddit_score
windows/intersection/w040,RedditScore+Sub,RedditScore+Sub,True,available,results\reddit\windows\intersection\w040\baselines\BL5_subreddit
windows/intersection/w040,CN,CN,True,available,results\reddit\windows\intersection\w040\cn
windows/intersection/w040,CN inductive,CN inductive,True,available,results\reddit\windows\intersection\w040\ma_qsmf\cn_inductive
windows/intersection/w040,QSMF,QSMF,True,available,results\reddit\windows\intersection\w040\ma_qsmf\qsmf
windows/intersection/w040,MA-MF,MA-MF,True,available,results\reddit\windows\intersection\w040\ma_qsmf\ma_mf
windows/intersection/w040,MA-QSMF,MA-QSMF,True,available,results\reddit\windows\intersection\w040\ma_qsmf\ma_qsmf
windows/intersection/w040,NVSE,NVSE,True,available,results\reddit\windows\intersection\w040\normvio-skill-extraction
windows/intersection/w040,VAR,VAR,True,available,results\reddit\windows\intersection\w040\var
windows/intersection/w040,Bandit,Bandit,True,available,results\reddit\windows\intersection\w040\bandit
windows/intersection/w040,GraphPropagation,GraphPropagation,True,available,results\reddit\windows\intersection\w040\graph_propagation
windows/intersection/w040,RoleNSGA2,Role-NSGA2,True,available,results\reddit\windows\intersection\w040\role_nsga2
windows/intersection/w040,VirtualEnsembles,VirtualEnsembles,True,available,results\reddit\windows\intersection\w040\virtual_ensembles
windows/intersection/w040,BoC,BoC,True,available,results\reddit\windows\intersection\w040\boc_stacking
windows/intersection/w040,SEF,SEF,True,available,results\reddit\windows\intersection\w040\expertise
windows/intersection/w060,Net,Net,True,available,results\reddit\windows\intersection\w060\baselines\BL1_net_vote
windows/intersection/w060,WNet,WNet,True,available,results\reddit\windows\intersection\w060\baselines\BL2_net_vote_alpha
windows/intersection/w060,SubAdj,SubAdj,True,available,results\reddit\windows\intersection\w060\baselines\BL3_net_vote_alpha_subreddit
windows/intersection/w060,RedditScore,RedditScore,True,available,results\reddit\windows\intersection\w060\baselines\BL4_reddit_score
windows/intersection/w060,RedditScore+Sub,RedditScore+Sub,True,available,results\reddit\windows\intersection\w060\baselines\BL5_subreddit
windows/intersection/w060,CN,CN,True,available,results\reddit\windows\intersection\w060\cn
windows/intersection/w060,CN inductive,CN inductive,True,available,results\reddit\windows\intersection\w060\ma_qsmf\cn_inductive
windows/intersection/w060,QSMF,QSMF,True,available,results\reddit\windows\intersection\w060\ma_qsmf\qsmf
windows/intersection/w060,MA-MF,MA-MF,True,available,results\reddit\windows\intersection\w060\ma_qsmf\ma_mf
windows/intersection/w060,MA-QSMF,MA-QSMF,True,available,results\reddit\windows\intersection\w060\ma_qsmf\ma_qsmf
windows/intersection/w060,NVSE,NVSE,True,available,results\reddit\windows\intersection\w060\normvio-skill-extraction
windows/intersection/w060,VAR,VAR,True,available,results\reddit\windows\intersection\w060\var
windows/intersection/w060,Bandit,Bandit,True,available,results\reddit\windows\intersection\w060\bandit
windows/intersection/w060,GraphPropagation,GraphPropagation,True,available,results\reddit\windows\intersection\w060\graph_propagation
windows/intersection/w060,RoleNSGA2,Role-NSGA2,True,available,results\reddit\windows\intersection\w060\role_nsga2
windows/intersection/w060,VirtualEnsembles,VirtualEnsembles,True,available,results\reddit\windows\intersection\w060\virtual_ensembles
windows/intersection/w060,BoC,BoC,True,available,results\reddit\windows\intersection\w060\boc_stacking
windows/intersection/w060,SEF,SEF,True,available,results\reddit\windows\intersection\w060\expertise
windows/intersection/w080,Net,Net,True,available,results\reddit\windows\intersection\w080\baselines\BL1_net_vote
windows/intersection/w080,WNet,WNet,True,available,results\reddit\windows\intersection\w080\baselines\BL2_net_vote_alpha
windows/intersection/w080,SubAdj,SubAdj,True,available,results\reddit\windows\intersection\w080\baselines\BL3_net_vote_alpha_subreddit
windows/intersection/w080,RedditScore,RedditScore,True,available,results\reddit\windows\intersection\w080\baselines\BL4_reddit_score
windows/intersection/w080,RedditScore+Sub,RedditScore+Sub,True,available,results\reddit\windows\intersection\w080\baselines\BL5_subreddit
windows/intersection/w080,CN,CN,True,available,results\reddit\windows\intersection\w080\cn
windows/intersection/w080,CN inductive,CN inductive,True,available,results\reddit\windows\intersection\w080\ma_qsmf\cn_inductive
windows/intersection/w080,QSMF,QSMF,True,available,results\reddit\windows\intersection\w080\ma_qsmf\qsmf
windows/intersection/w080,MA-MF,MA-MF,True,available,results\reddit\windows\intersection\w080\ma_qsmf\ma_mf
windows/intersection/w080,MA-QSMF,MA-QSMF,True,available,results\reddit\windows\intersection\w080\ma_qsmf\ma_qsmf
windows/intersection/w080,NVSE,NVSE,True,available,results\reddit\windows\intersection\w080\normvio-skill-extraction
windows/intersection/w080,VAR,VAR,True,available,results\reddit\windows\intersection\w080\var
windows/intersection/w080,Bandit,Bandit,True,available,results\reddit\windows\intersection\w080\bandit
windows/intersection/w080,GraphPropagation,GraphPropagation,True,available,results\reddit\windows\intersection\w080\graph_propagation
windows/intersection/w080,RoleNSGA2,Role-NSGA2,True,available,results\reddit\windows\intersection\w080\role_nsga2
windows/intersection/w080,VirtualEnsembles,VirtualEnsembles,True,available,results\reddit\windows\intersection\w080\virtual_ensembles
windows/intersection/w080,BoC,BoC,True,available,results\reddit\windows\intersection\w080\boc_stacking
windows/intersection/w080,SEF,SEF,True,available,results\reddit\windows\intersection\w080\expertise
windows/intersection/w100,Net,Net,True,available,results\reddit\windows\intersection\w100\baselines\BL1_net_vote
windows/intersection/w100,WNet,WNet,True,available,results\reddit\windows\intersection\w100\baselines\BL2_net_vote_alpha
windows/intersection/w100,SubAdj,SubAdj,True,available,results\reddit\windows\intersection\w100\baselines\BL3_net_vote_alpha_subreddit
windows/intersection/w100,RedditScore,RedditScore,True,available,results\reddit\windows\intersection\w100\baselines\BL4_reddit_score
windows/intersection/w100,RedditScore+Sub,RedditScore+Sub,True,available,results\reddit\windows\intersection\w100\baselines\BL5_subreddit
windows/intersection/w100,CN,CN,True,available,results\reddit\windows\intersection\w100\cn
windows/intersection/w100,CN inductive,CN inductive,True,available,results\reddit\windows\intersection\w100\ma_qsmf\cn_inductive
windows/intersection/w100,QSMF,QSMF,True,available,results\reddit\windows\intersection\w100\ma_qsmf\qsmf
windows/intersection/w100,MA-MF,MA-MF,True,available,results\reddit\windows\intersection\w100\ma_qsmf\ma_mf
windows/intersection/w100,MA-QSMF,MA-QSMF,True,available,results\reddit\windows\intersection\w100\ma_qsmf\ma_qsmf
windows/intersection/w100,NVSE,NVSE,True,available,results\reddit\windows\intersection\w100\normvio-skill-extraction
windows/intersection/w100,VAR,VAR,True,available,results\reddit\windows\intersection\w100\var
windows/intersection/w100,Bandit,Bandit,True,available,results\reddit\windows\intersection\w100\bandit
windows/intersection/w100,GraphPropagation,GraphPropagation,True,available,results\reddit\windows\intersection\w100\graph_propagation
windows/intersection/w100,RoleNSGA2,Role-NSGA2,True,available,results\reddit\windows\intersection\w100\role_nsga2
windows/intersection/w100,VirtualEnsembles,VirtualEnsembles,True,available,results\reddit\windows\intersection\w100\virtual_ensembles
windows/intersection/w100,BoC,BoC,True,available,results\reddit\windows\intersection\w100\boc_stacking
windows/intersection/w100,SEF,SEF,True,available,results\reddit\windows\intersection\w100\expertise
