split,partition,n_votes,n_posts,n_users,n_communities,avg_votes_per_user,median_votes_per_user,avg_votes_per_post,pct_users_ge_5_votes,pct_users_ge_10_votes,pct_users_ge_20_votes,pct_user_community_pairs_ge_5_votes,pct_user_community_pairs_ge_10_votes,pct_user_community_pairs_ge_20_votes,pct_label_approve,pct_label_remove
full,train,133271,51710,13446,203,9.911572214785066,3.0,2.57727712241346,0.3849471961921761,0.2100252863305072,0.10151717983043285,0.1961592836946277,0.09483977379830348,0.043669494187873074,0.7588667569135563,0.24113324308644363
full,val,28297,11080,7600,167,3.7232894736842104,2.0,2.5538808664259927,0.17539473684210527,0.06723684210526316,0.025526315789473685,0.10505836575875487,0.03919521685489229,0.015184587643541804,0.7584837545126354,0.2415162454873646
full,test,28062,11082,7342,164,3.822119313538545,2.0,2.5322144017325394,0.17256878234813403,0.07096159084718061,0.02778534459275402,0.10280557190504218,0.04237786933490288,0.01579360408083186,0.7597906515069482,0.24020934849305178
full,total,189630,73872,14925,213,12.705527638190954,4.0,2.5670077972709553,0.43463986599664994,0.25681742043551087,0.13293132328308208,0.21789896066307066,0.11287988422575977,0.05275621628733061,0.7589479098982023,0.2410520901017977
intersection,train,40769,3572,1902,13,21.434805467928495,13.0,11.413493840985442,0.9947423764458465,0.7202944269190326,0.29915878023133546,0.5190767781441357,0.2739048516250589,0.10668864813942534,0.8591825307950728,0.14081746920492721
intersection,val,8578,765,1759,13,4.876634451392837,3.0,11.213071895424836,0.3189312109152928,0.10289937464468447,0.029562251279135872,0.18489684702218762,0.05527442584663293,0.01518100428182172,0.8718954248366013,0.12810457516339868
intersection,test,8748,767,1777,12,4.92290377039955,3.0,11.405475880052151,0.32864378165447383,0.09848058525604952,0.031513787281935844,0.17593984962406015,0.05413533834586466,0.016165413533834588,0.8696219035202086,0.1303780964797914
intersection,total,58095,5104,1902,13,30.54416403785489,18.0,11.38224921630094,1.0,1.0,0.4637223974763407,0.5595393307257714,0.37831377661886134,0.15471534115601912,0.8626567398119123,0.13734326018808776
intersection_chronological,train,39988,3572,1848,13,21.638528138528137,14.0,11.19484882418813,0.9377705627705628,0.7635281385281385,0.329004329004329,0.5111111111111111,0.30246913580246915,0.11481481481481481,0.8572228443449048,0.1427771556550952
intersection_chronological,val,9201,766,1211,13,7.597853014037985,4.0,12.011749347258485,0.4797687861271676,0.21635012386457472,0.07597027250206441,0.29372427983539096,0.10133744855967078,0.03652263374485597,0.8694516971279374,0.13054830287206268
intersection_chronological,test,8906,766,1052,12,8.465779467680608,4.0,11.6266318537859,0.45722433460076045,0.20912547528517111,0.07224334600760456,0.27995034140285535,0.11173184357541899,0.03910614525139665,0.881201044386423,0.11879895561357702
intersection_chronological,total,58095,5104,1902,13,30.54416403785489,18.0,11.38224921630094,1.0,1.0,0.4637223974763407,0.5595393307257714,0.37831377661886134,0.15471534115601912,0.8626567398119123,0.13734326018808776
windows/full/w020,train,6980,621,1727,14,4.04169079328315,3.0,11.239935587761675,0.25303995367689636,0.07701215981470759,0.022003474232773594,0.13758116883116883,0.040584415584415584,0.013392857142857142,0.8840579710144928,0.11594202898550725
windows/full/w020,val,11634,1035,1904,17,6.110294117647059,4.0,11.240579710144928,0.4269957983193277,0.1486344537815126,0.0430672268907563,0.21081081081081082,0.06868044515103339,0.02066772655007949,0.8579710144927536,0.14202898550724638
windows/full/w020,test,11868,1035,1897,17,6.256193990511334,4.0,11.466666666666667,0.4354243542435424,0.15498154981549817,0.045861887190300474,0.21630295250320924,0.07445442875481387,0.021822849807445442,0.8772946859903382,0.12270531400966184
windows/full/w020,total,30482,2691,1965,19,15.512468193384224,10.0,11.327387588257153,0.9201017811704835,0.505852417302799,0.2005089058524173,0.4305820610687023,0.1922709923664122,0.07061068702290077,0.8714232627276105,0.12857673727238944
windows/full/w040,train,13865,1242,1936,16,7.161673553719008,4.0,11.163446054750402,0.490702479338843,0.18388429752066116,0.059400826446280995,0.24275138803207896,0.09006785934608266,0.028069093152375078,0.8760064412238325,0.12399355877616747
windows/full/w040,val,11634,1035,1904,17,6.110294117647059,4.0,11.240579710144928,0.4269957983193277,0.1486344537815126,0.0430672268907563,0.21081081081081082,0.06868044515103339,0.02066772655007949,0.8579710144927536,0.14202898550724638
windows/full/w040,test,11868,1035,1897,17,6.256193990511334,4.0,11.466666666666667,0.4354243542435424,0.15498154981549817,0.045861887190300474,0.21630295250320924,0.07445442875481387,0.021822849807445442,0.8772946859903382,0.12270531400966184
windows/full/w040,total,37367,3312,1966,20,19.006612410986776,12.0,11.282306763285025,0.9821973550356052,0.626144455747711,0.25737538148524924,0.4684950135992747,0.22960108794197642,0.08907524932003627,0.8707729468599034,0.1292270531400966
windows/full/w060,train,21298,1863,1962,16,10.855249745158002,7.0,11.432098765432098,0.7222222222222222,0.3307849133537207,0.11365953109072376,0.34555674518201285,0.1354389721627409,0.04630620985010707,0.8625872249060654,0.1374127750939345
windows/full/w060,val,11634,1035,1904,17,6.110294117647059,4.0,11.240579710144928,0.4269957983193277,0.1486344537815126,0.0430672268907563,0.21081081081081082,0.06868044515103339,0.02066772655007949,0.8579710144927536,0.14202898550724638
windows/full/w060,test,11868,1035,1897,17,6.256193990511334,4.0,11.466666666666667,0.4354243542435424,0.15498154981549817,0.045861887190300474,0.21630295250320924,0.07445442875481387,0.021822849807445442,0.8772946859903382,0.12270531400966184
windows/full/w060,total,44800,3933,1967,20,22.775800711743774,14.0,11.390795830155097,0.9984748347737672,0.7513980681240467,0.32435180477885106,0.49600518246599007,0.2727272727272727,0.10839991362556683,0.8652428171878973,0.13475718281210272
windows/full/w080,train,28434,2484,1966,17,14.462868769074262,9.0,11.446859903381643,0.8992878942014242,0.4633774160732452,0.17243133265513733,0.4160333415052709,0.17970090708506986,0.06521206177984801,0.8623188405797102,0.13768115942028986
windows/full/w080,val,11634,1035,1904,17,6.110294117647059,4.0,11.240579710144928,0.4269957983193277,0.1486344537815126,0.0430672268907563,0.21081081081081082,0.06868044515103339,0.02066772655007949,0.8579710144927536,0.14202898550724638
windows/full/w080,test,11868,1035,1897,17,6.256193990511334,4.0,11.466666666666667,0.4354243542435424,0.15498154981549817,0.045861887190300474,0.21630295250320924,0.07445442875481387,0.021822849807445442,0.8772946859903382,0.12270531400966184
windows/full/w080,total,51936,4554,1967,20,26.403660396542957,16.0,11.404479578392621,1.0,0.8825622775800712,0.3914590747330961,0.5084147101599834,0.31872013297319757,0.12674007895283607,0.8647342995169082,0.13526570048309178
windows/full/w100,train,35596,3105,1967,19,18.096593797661413,11.0,11.464090177133656,0.9700050838840875,0.5973563802745298,0.24555160142348753,0.4615916955017301,0.22145328719723184,0.08788927335640138,0.8595813204508856,0.14041867954911433
windows/full/w100,val,11634,1035,1904,17,6.110294117647059,4.0,11.240579710144928,0.4269957983193277,0.1486344537815126,0.0430672268907563,0.21081081081081082,0.06868044515103339,0.02066772655007949,0.8579710144927536,0.14202898550724638
windows/full/w100,test,11868,1035,1897,17,6.256193990511334,4.0,11.466666666666667,0.4354243542435424,0.15498154981549817,0.045861887190300474,0.21630295250320924,0.07445442875481387,0.021822849807445442,0.8772946859903382,0.12270531400966184
windows/full/w100,total,59098,5175,1967,22,30.044738179969496,18.0,11.419903381642513,1.0,1.0,0.4544992374173869,0.5215906808596104,0.352078730668809,0.14420566378790922,0.8628019323671497,0.13719806763285025
windows/intersection/w020,train,7064,612,1710,12,4.130994152046783,3.0,11.542483660130719,0.260233918128655,0.07953216374269007,0.018128654970760234,0.14239612747075434,0.04154901169826543,0.00927793465106898,0.8643790849673203,0.13562091503267973
windows/intersection/w020,val,11478,1020,1851,13,6.2009724473257695,4.0,11.25294117647059,0.42247433819556995,0.1582928146947596,0.046461372231226365,0.21285140562248997,0.0749665327978581,0.02208835341365462,0.8568627450980392,0.14313725490196078
windows/intersection/w020,test,11677,1020,1858,13,6.2847147470398275,4.0,11.448039215686274,0.4461786867599569,0.15285252960172227,0.04682454251883746,0.22881921280853904,0.07204803202134756,0.022014676450967312,0.865686274509804,0.13431372549019607
windows/intersection/w020,total,30219,2652,1902,13,15.88801261829653,10.0,11.394796380090497,0.9332281808622502,0.5299684542586751,0.20504731861198738,0.4599749058971142,0.2040150564617315,0.0740276035131744,0.8619909502262444,0.13800904977375567
windows/intersection/w040,train,14002,1225,1866,13,7.503751339764202,5.0,11.430204081632652,0.5342979635584137,0.20739549839228297,0.06162915326902465,0.2673015873015873,0.09587301587301587,0.02857142857142857,0.8579591836734693,0.14204081632653062
windows/intersection/w040,val,11478,1020,1851,13,6.2009724473257695,4.0,11.25294117647059,0.42247433819556995,0.1582928146947596,0.046461372231226365,0.21285140562248997,0.0749665327978581,0.02208835341365462,0.8568627450980392,0.14313725490196078
windows/intersection/w040,test,11677,1020,1858,13,6.2847147470398275,4.0,11.448039215686274,0.4461786867599569,0.15285252960172227,0.04682454251883746,0.22881921280853904,0.07204803202134756,0.022014676450967312,0.865686274509804,0.13431372549019607
windows/intersection/w040,total,37157,3265,1902,13,19.535751840168246,12.0,11.380398162327719,0.9826498422712934,0.6640378548895899,0.27392218717139855,0.5027650877614811,0.25174320750180335,0.09858138975715316,0.860030627871363,0.13996937212863705
windows/intersection/w060,train,21208,1838,1902,13,11.15036803364879,7.0,11.538628944504897,0.7628811777076762,0.33859095688748686,0.12039957939011567,0.37542087542087543,0.14702581369248036,0.05134680134680135,0.8607181719260065,0.13928182807399347
windows/intersection/w060,val,11478,1020,1851,13,6.2009724473257695,4.0,11.25294117647059,0.42247433819556995,0.1582928146947596,0.046461372231226365,0.21285140562248997,0.0749665327978581,0.02208835341365462,0.8568627450980392,0.14313725490196078
windows/intersection/w060,test,11677,1020,1858,13,6.2847147470398275,4.0,11.448039215686274,0.4461786867599569,0.15285252960172227,0.04682454251883746,0.22881921280853904,0.07204803202134756,0.022014676450967312,0.865686274509804,0.13431372549019607
windows/intersection/w060,total,44363,3878,1902,13,23.32439537329127,14.0,11.439659618359979,0.998422712933754,0.7781282860147214,0.3380651945320715,0.531373003009956,0.29983792544570503,0.11970363510071776,0.8610108303249098,0.13898916967509026
windows/intersection/w080,train,27975,2451,1902,13,14.70820189274448,9.0,11.413708690330477,0.9022082018927445,0.46740273396424814,0.1829652996845426,0.44395203336809175,0.1895203336809176,0.07012513034410844,0.8620971032231742,0.1379028967768258
windows/intersection/w080,val,11478,1020,1851,13,6.2009724473257695,4.0,11.25294117647059,0.42247433819556995,0.1582928146947596,0.046461372231226365,0.21285140562248997,0.0749665327978581,0.02208835341365462,0.8568627450980392,0.14313725490196078
windows/intersection/w080,test,11677,1020,1858,13,6.2847147470398275,4.0,11.448039215686274,0.4461786867599569,0.15285252960172227,0.04682454251883746,0.22881921280853904,0.07204803202134756,0.022014676450967312,0.865686274509804,0.13431372549019607
windows/intersection/w080,total,51130,4491,1902,13,26.882229232386962,16.0,11.384992206635493,1.0,0.8906414300736067,0.4027339642481598,0.545556552962298,0.34111310592459604,0.1384649910233393,0.8617234468937875,0.13827655310621242
windows/intersection/w100,train,34940,3064,1902,13,18.37013669821241,11.0,11.403394255874673,0.9737118822292324,0.6051524710830705,0.2455310199789695,0.48283472290338403,0.2356547327121138,0.09048553212358999,0.8635770234986945,0.13642297650130547
windows/intersection/w100,val,11478,1020,1851,13,6.2009724473257695,4.0,11.25294117647059,0.42247433819556995,0.1582928146947596,0.046461372231226365,0.21285140562248997,0.0749665327978581,0.02208835341365462,0.8568627450980392,0.14313725490196078
windows/intersection/w100,test,11677,1020,1858,13,6.2847147470398275,4.0,11.448039215686274,0.4461786867599569,0.15285252960172227,0.04682454251883746,0.22881921280853904,0.07204803202134756,0.022014676450967312,0.865686274509804,0.13431372549019607
windows/intersection/w100,total,58095,5104,1902,13,30.54416403785489,18.0,11.38224921630094,1.0,1.0,0.4637223974763407,0.5595393307257714,0.37831377661886134,0.15471534115601912,0.8626567398119123,0.13734326018808776
