method,k,k_applicable,source,metrics_path,val_macro_f1,val_f1_neg,val_roc_auc,test_macro_f1,test_f1_neg,test_roc_auc,delta_val_macro_f1_vs_k5,delta_test_macro_f1_vs_k5
bandit,3,True,sensitivity_run,results\reddit\intersection_chronological\k_sensitivity\bandit\k_003\metrics.json,0.737938642425258,0.5504587155963303,0.5410585585585586,0.6995991168951894,0.4807692307692308,0.5398941798941799,0.03860351731551914,0.02101506247234186
bandit,5,True,sensitivity_run,results\reddit\intersection_chronological\k_sensitivity\bandit\k_005\metrics.json,0.6993351251097388,0.5019011406844106,0.7941966966966967,0.6785840544228475,0.45493562231759654,0.79990231990232,0.0,0.0
bandit,7,True,sensitivity_run,results\reddit\intersection_chronological\k_sensitivity\bandit\k_007\metrics.json,0.7121116902640691,0.5196850393700787,0.5917417417417418,0.6610360875867857,0.4357976653696498,0.5584859584859585,0.012776565154330233,-0.017547966836061857
bandit,10,True,sensitivity_run,results\reddit\intersection_chronological\k_sensitivity\bandit\k_010\metrics.json,0.7160124017782443,0.5191489361702127,0.8079279279279279,0.6523675868906483,0.4036697247706422,0.7723158323158323,0.016677276668505492,-0.026216467532199195
boc_stacking,all,False,primary_full_electorate_reference,results\reddit\intersection_chronological\boc_stacking\metrics.json,0.7563945300077235,0.5757575757575758,0.8434384384384384,0.6742141278029267,0.4228571428571429,0.8311599511599512,,
graph_propagation,3,True,sensitivity_run,results\reddit\intersection_chronological\k_sensitivity\graph_propagation\k_003\metrics.json,0.6947326471437013,0.4528301886792453,0.7033183183183184,0.5937600064040987,0.2638888888888889,0.7183638583638584,-0.014398012772298907,-0.07427569723186744
graph_propagation,5,True,sensitivity_run,results\reddit\intersection_chronological\k_sensitivity\graph_propagation\k_005\metrics.json,0.7091306599160002,0.49230769230769234,0.7693918918918918,0.6680357036359661,0.41711229946524064,0.7985999185999186,0.0,0.0
graph_propagation,7,True,sensitivity_run,results\reddit\intersection_chronological\k_sensitivity\graph_propagation\k_007\metrics.json,0.7271561550151976,0.5212765957446809,0.7643693693693693,0.6686672073533387,0.4074074074074074,0.8156125356125355,0.018025495099197375,0.000631503717372639
graph_propagation,10,True,sensitivity_run,results\reddit\intersection_chronological\k_sensitivity\graph_propagation\k_010\metrics.json,0.7561398461922022,0.5743589743589743,0.8233708708708709,0.6552498689029551,0.39106145251396646,0.8371835571835571,0.047009186276201986,-0.012785834733010981
