subreddit,error
AgainstSubredditBans,Private or banned (403): r/AgainstSubredditBans
BestOfNoPolitics,Private or banned (403): r/BestOfNoPolitics
BlackKings,Not found (404): r/BlackKings
CAMSP,Not found (404): r/CAMSP
CheatingPorn,Not found (404): r/CheatingPorn
CryptocurrencyICOs,Private or banned (403): r/CryptocurrencyICOs
CuckoldPregnancy,Not found (404): r/CuckoldPregnancy
DemocracyExperiment,Private or banned (403): r/DemocracyExperiment
EveryoneIsAMod,Not found (404): r/EveryoneIsAMod
FurryPornAccount,Private or banned (403): r/FurryPornAccount
HentaiCleavage,Not found (404): r/HentaiCleavage
POLITIC,Private or banned (403): r/POLITIC
PhillyPA,Not found (404): r/PhillyPA
RedditCensors,Not found (404): r/RedditCensors
SocialistRA,Private or banned (403): r/SocialistRA
SubredditSentinals,Not found (404): r/SubredditSentinals
SugarBaby,Not found (404): r/SugarBaby
The_Cabal,Not found (404): r/The_Cabal
Wall_Street_Bets_,Private or banned (403): r/Wall_Street_Bets_
bottomlulz,Private or banned (403): r/bottomlulz
cryptocurrencynewico,Private or banned (403): r/cryptocurrencynewico
i_irl,Private or banned (403): r/i_irl
moist_memes,Private or banned (403): r/moist_memes
saraba2nd,Private or banned (403): r/saraba2nd
smallboobproblems,Not found (404): r/smallboobproblems
subredditcancer,Private or banned (403): r/subredditcancer
tanlines,Not found (404): r/tanlines
yoko34,Private or banned (403): r/yoko34
